0.07797792	-0.077000156	-0.008711643	-0.048042078	0.08459593	-0.05428036	0.072320744	-0.1149057	-0.02370255	0.14688452	-0.08985864	0.052489493	0.11328225	-0.03044587	0.07608156	-0.014984759
0.12419792	-0.11966595	0.027956579	-0.01700333	0.07571081	-0.02567405	0.05807081	-0.05323657	-0.10286894	0.119869724	-0.014407145	-0.01840684	0.11780773	-0.055277724	-0.014410108	-0.09839491
0.30377898	0.2681126	0.26247966	-0.34403798	0.33326945	0.19803435	0.28224528	0.17928232	0.26084957	0.2632351	0.20953685	-0.21345913	-0.26296046	0.20645519	0.23876044	0.26404795
0.09902055	0.0050431867	0.04469881	-0.02912235	0.13235614	-0.023183119	0.08676712	-0.06345423	0.016107963	0.13276418	0.0071088444	-0.07005586	0.055184416	0.023315486	0.10893324	0.0069306255
0.031589795	-0.12853475	-0.100408584	0.010162572	0.035300717	-0.15574883	-0.018687421	-0.123311296	-0.11584324	0.051545963	-0.058956563	0.09708398	0.12842336	-0.1176744	0.0001258271	-0.11309937
0.010196655	-0.09710422	-0.010311226	-0.030695796	-0.030779857	-0.0212112	-0.023817537	-0.01977448	-0.09970287	0.026580177	-0.055425107	0.05485597	0.08902961	-0.071977645	-0.05285801	-0.013618299
0.2181474	0.14479634	0.17243549	-0.21776344	0.18099989	0.12675439	0.17568976	0.109566495	0.1083384	0.14433496	0.09490956	-0.11927973	-0.14377327	0.17779604	0.18354104	0.18668398
-0.015848543	-0.12970655	-0.04017533	0.056963615	-0.019862937	-0.051079866	0.007128999	-0.11219875	-0.0497093	0.036770828	-0.030060047	0.089243084	0.10583614	-0.07685074	-0.058247287	-0.07939542
0.062011972	-0.07757818	-0.025999675	-0.027490968	-0.022051528	-0.105208516	0.03016993	-0.01570219	-0.07786665	-0.012756689	-0.011678118	0.045708723	0.022229824	-0.033932097	-0.05421413	-0.034634527
-0.072665334	-0.13408524	-0.072349995	0.07772337	-0.031996824	-0.1359742	-0.057265513	-0.14347515	-0.12376741	-0.03691283	-0.10534123	0.13338679	0.14608665	-0.13569577	-0.063958496	-0.11006039
0.0054553463	-0.10356351	-0.0070616435	0.0026456797	0.0062114494	-0.12861837	0.010885846	-0.0674865	-0.022110714	0.057058692	-0.06625078	0.0058999695	0.03300595	-0.045238074	0.04288471	-0.032131657
0.17912613	0.10797903	0.08060244	-0.15532191	0.18604088	0.061787467	0.10237828	0.024248952	0.073767066	0.12916104	0.11872521	-0.048659693	-0.08292507	0.0715725	0.13494693	0.03652619
0.014026347	-0.019930484	-0.0022383465	0.015971662	0.046885494	-0.06719457	0.042052522	-0.026933255	-0.024821395	-0.010941119	-0.06556098	0.06225053	0.08717959	-0.04723043	-0.012965148	0.015890976
-0.81074697	-1.0371195	-0.8582064	0.84153926	-0.9210312	-1.0089968	-0.8432126	-0.9344899	-0.930201	-0.6646131	-0.8344129	0.78992724	1.053069	-0.88881147	-0.77510977	-0.8511459
0.087647125	-0.01809847	-0.035477154	-0.0026310538	0.0070801033	-0.015994541	0.07389371	-0.0050704735	0.0044578305	0.09591516	-0.025080338	0.031275265	0.012156999	-0.01898109	0.013500815	-0.07950837
0.07039209	-0.09940434	-0.014219054	0.0009870824	0.0048301704	-0.067813516	-0.005796734	-0.04546895	-0.07464447	0.023356268	-0.051087648	-0.031773686	0.011736134	-0.0051598074	0.023914527	-0.05650511
0.16995005	0.20980552	0.16512017	-0.21756797	0.2823811	0.22051872	0.18642415	0.22246318	0.13726868	0.2114359	0.16827239	-0.1799015	-0.17355287	0.21208714	0.22407861	0.19879709
0.13879624	0.15515307	0.12958907	-0.24503222	0.22930703	0.22387353	0.22699769	0.12192871	0.17554022	0.20630625	0.1464855	-0.13985288	-0.17301968	0.13285597	0.12460501	0.16408047
1.1811808	1.2937555	1.115824	-1.228229	1.280876	1.3030657	1.1958519	1.2415411	1.2716421	0.9353331	1.1074333	-1.0313549	-1.4391378	1.2638009	1.1053976	1.1740845
0.75838506	0.8631829	0.79965615	-0.85158765	0.8614939	0.89569145	0.83857495	0.782417	0.797982	0.71922535	0.73184955	-0.73622316	-0.9372206	0.8528535	0.7387348	0.7362717
0.07611195	-0.0063898414	0.002320733	-0.052633177	0.085276514	0.039487805	0.10187496	-0.03379383	0.05940876	0.09706462	-0.026251903	-0.027714396	0.0004260794	0.045711126	0.021119077	0.01677582
-0.050642975	-0.23600031	-0.122126155	0.13222726	-0.043419134	-0.20787649	-0.0742681	-0.19958502	-0.13578242	-0.041369338	-0.13025342	0.108217716	0.13754691	-0.15947615	-0.0407529	-0.19451465
0.25240207	0.10623955	0.11634851	-0.19425793	0.19414948	0.1848396	0.16981556	0.1535108	0.1760525	0.21203619	0.13893647	-0.14674412	-0.12215996	0.12321715	0.21751331	0.15514478
0.14618187	0.085848965	0.108315274	-0.08561233	0.19022442	0.14974402	0.149661	0.17677319	0.12159633	0.09232654	0.12312805	-0.15261486	-0.08846147	0.09617055	0.1868863	0.1362532
0.20939694	0.13905743	0.08009563	-0.14744069	0.15555525	0.109300345	0.18398449	0.04979935	0.11007644	0.14391169	0.06074372	-0.061266415	-0.11409045	0.07137025	0.09114971	0.1038091
0.2304018	0.21187954	0.14405991	-0.15043549	0.16619873	0.16529632	0.17907527	0.22817379	0.22714448	0.1422874	0.23315564	-0.21296231	-0.17168614	0.15575194	0.15578917	0.19087835
0.10677153	0.068735935	0.06365999	-0.033882093	0.10658411	0.0056057433	0.12739176	-0.019279428	-0.0021503477	0.13819312	0.014136565	-0.06744725	0.0020186536	0.036067616	0.10647567	0.0003051256
0.21848753	0.12595099	0.14938338	-0.16556372	0.20798114	0.12851219	0.1546685	0.19630332	0.10275317	0.18423295	0.18532836	-0.17647162	-0.1945212	0.10380134	0.19151697	0.15790801
-0.013457565	-0.040897503	-0.07203534	0.049403127	-0.028958408	-0.035392478	-0.07430255	-0.057475585	-0.03411972	0.005451351	-0.022830656	0.037082173	0.08795198	-0.032710068	0.0019932813	-0.071355484
-0.029260488	-0.09841129	-0.12060465	0.084086955	-0.102633595	-0.08968526	-0.066146	-0.08892945	-0.120196156	-0.058147915	-0.049425766	0.07734642	0.18795262	-0.10390224	-0.0767084	-0.0646904
-0.005173643	0.016013632	0.0030780642	0.024892999	-0.02406658	-0.014456728	-0.009465961	-0.03910277	-0.05519496	-0.019543318	-0.004213889	-0.015002296	-0.026836235	0.025852766	0.017860927	0.008869843
-0.16657878	-0.26773244	-0.16170159	0.22936688	-0.15693332	-0.27675387	-0.23624499	-0.25624844	-0.22795574	-0.104434185	-0.25153992	0.21831737	0.23339568	-0.2127224	-0.23564672	-0.21578553
0.29610452	0.28513002	0.2082387	-0.22770399	0.2741119	0.19301817	0.29301465	0.23588784	0.2066172	0.26141828	0.23389596	-0.18341407	-0.2518447	0.18380259	0.20779167	0.19813976
0.317514	0.288987	0.24463637	-0.22920199	0.30540928	0.24699396	0.25299895	0.20622139	0.19416295	0.21969403	0.22187425	-0.2694857	-0.26877365	0.27421787	0.21497712	0.21173006
0.2561592	0.292982	0.27049035	-0.24877809	0.26298764	0.24364766	0.25445637	0.22696525	0.24391407	0.24570134	0.30602235	-0.30648723	-0.28111643	0.2877199	0.32932013	0.25282001
0.100665554	0.09591931	0.079570875	-0.13027114	0.06591872	0.12822628	0.14955172	0.031462874	0.10089232	0.13561583	0.08131443	-0.11600065	-0.07700039	0.1362442	0.050645728	0.1190016
0.09902282	0.12857121	0.0977857	-0.16916865	0.12745032	0.14562812	0.09570242	0.06904306	0.08403649	0.10555012	0.142938	-0.10552512	-0.04389371	0.15893002	0.12065735	0.11062766
-0.028021418	-0.046302464	-0.009503957	0.020825727	-0.015438816	-0.055141658	-0.022012305	-0.09053334	-0.0068777557	-0.061595593	-0.02654548	0.067943834	0.055906273	-0.07247474	-0.049598675	-0.0065134154
0.15695874	0.11094996	0.13974702	-0.09279701	0.14645164	0.07565358	0.1571372	0.029014146	0.08964359	0.07626396	0.120536216	-0.09011877	-0.13115145	0.073615186	0.05993962	0.06327717
-0.36145553	-0.38339937	-0.2995518	0.40811807	-0.38913724	-0.36364964	-0.4056454	-0.37766838	-0.43568036	-0.31796503	-0.36405742	0.33565903	0.4464863	-0.3898143	-0.34167472	-0.32435903
0.056439646	-0.11586552	-0.073816024	0.0005299151	0.030703021	-0.051748194	0.009184358	-0.030661333	-0.04398812	0.00032076944	-0.019891972	0.08235569	0.109761074	-0.08762389	-0.025206968	-0.099452615
0.50070715	0.61843246	0.56994116	-0.601777	0.5757032	0.5828418	0.5753419	0.5535368	0.560655	0.41343507	0.539886	-0.4341378	-0.614229	0.55254567	0.5347077	0.5643753
0.098055504	0.033539332	0.11357032	-0.110228	0.08026551	0.07378406	0.11780272	0.046719052	0.07042232	0.1407705	0.03449024	-0.08128405	-0.095208436	0.07762328	0.040227454	0.08084299
0.13740644	0.05269398	0.091683656	-0.1308252	0.12567349	0.12444581	0.15421706	0.041983612	0.09127763	0.13259812	0.07808494	-0.0927556	-0.13693887	0.08943861	0.092453375	0.03707476
0.06615676	-0.044863906	0.010529463	-0.0032872388	0.016670804	-0.02765219	-0.010495438	-0.047165073	-0.06269432	-0.0017641446	-0.051935263	-0.018751036	0.09006986	-0.037831325	-0.002212515	-0.067861706
-0.2058546	-0.288232	-0.2879541	0.26074806	-0.29535556	-0.2664187	-0.2608555	-0.26694277	-0.3450767	-0.17007513	-0.30837986	0.28763235	0.3225824	-0.2736934	-0.23206079	-0.28869796
0.07261508	0.06856014	0.06202327	-0.06713143	0.029842548	0.03512446	0.04613483	0.020323519	0.0852229	0.038366254	0.04953289	-0.0627103	-0.07954288	0.041656066	-0.023697075	0.011808304
1.0327332	1.1838248	1.0034684	-1.0480232	1.0773472	1.1192195	1.0332407	1.0193751	1.1514403	0.912546	1.033715	-0.8961914	-1.2258756	1.0353692	1.0044032	1.0441633
-0.1699254	-0.17929433	-0.17350428	0.14080866	-0.21258259	-0.24447624	-0.20291942	-0.24648233	-0.16592366	-0.16647613	-0.14391488	0.1651691	0.28396943	-0.18575814	-0.14533427	-0.16945663
0.23382908	0.22259958	0.19079337	-0.2545397	0.19787188	0.19429982	0.20828404	0.22570892	0.23101757	0.20660861	0.15062328	-0.14016914	-0.20323712	0.15591413	0.18042296	0.1716196
-0.42345566	-0.6686655	-0.5457291	0.5906407	-0.54087955	-0.69078195	-0.5261019	-0.5920162	-0.6065483	-0.42115113	-0.5660255	0.49784893	0.67608285	-0.5528265	-0.51404065	-0.61779886
0.20454714	0.13825496	0.17829454	-0.2085012	0.14498979	0.15281124	0.13142128	0.17046292	0.19780667	0.11166652	0.171283	-0.17553721	-0.19123149	0.16911002	0.100619525	0.15798423
0.106723644	0.103387244	0.088051446	-0.060408447	0.064143226	0.11387099	0.06786981	0.03812092	0.045588825	0.13794619	0.05614835	-0.09346774	-0.116396815	0.093503065	0.058025602	0.057628922
-0.10433452	-0.22575451	-0.16409497	0.15167993	-0.14985411	-0.20701562	-0.20602937	-0.18154787	-0.15321854	-0.16686809	-0.1536431	0.12813982	0.17843111	-0.20059668	-0.136082	-0.1940385
0.84804624	0.90369445	0.8756979	-0.8929284	0.9134036	0.89184123	0.8391572	0.91555804	0.9058492	0.7064326	0.8064442	-0.7861337	-1.033565	0.8552956	0.7730128	0.86463064
0.13051608	-0.00391709	0.071994215	-0.102019325	0.060850773	0.05739403	0.046203338	0.014169838	0.0065094507	0.13177557	-0.0048420136	-0.07366832	-0.014856175	0.091901176	0.058214393	0.031260572
-0.0035525516	-0.052973505	-0.007719423	0.06315302	-0.0063284137	-0.09892708	0.01262848	-0.042541645	-0.0729019	0.0005968984	0.0076510366	0.041227	0.03507565	-0.08381838	-0.06006261	-0.049947824
0.084903084	0.06421179	0.049256526	-0.13674589	0.14614408	0.10399913	0.14935996	0.09751828	0.093095705	0.12205734	0.055460624	-0.035415646	-0.07728235	0.110061064	0.087330244	0.05081592
0.3460556	0.2545998	0.27146813	-0.31863037	0.34013787	0.2887848	0.31456545	0.29513344	0.3325462	0.27202347	0.24644122	-0.31389722	-0.34113547	0.24745776	0.25831118	0.27962583
-0.15833934	-0.14660126	-0.09330483	0.08737496	-0.17670038	-0.119560525	-0.12442411	-0.0863163	-0.15936123	-0.15656014	-0.118766904	0.09796448	0.047493923	-0.142976	-0.16760366	-0.1358344
-0.037222948	-0.11546208	-0.021898586	0.024951845	-0.06373804	-0.10643766	-0.06603725	-0.042790115	-0.07612247	-0.07691392	-0.11575177	0.10858385	0.064583965	-0.10668197	-0.07976702	-0.1037147
0.019014983	-0.11788739	-0.007964479	-0.032900147	-0.037323367	-0.06854312	-0.0061822166	-0.031326376	-0.024518652	-0.0074595995	0.002153813	0.05874829	0.0792588	-0.0587622	0.0075378194	-0.020789308
-0.31551608	-0.25382864	-0.27504426	0.28059095	-0.26740152	-0.28653488	-0.32282475	-0.23860642	-0.2528562	-0.2848049	-0.20351227	0.25353444	0.30673084	-0.2650769	-0.21605901	-0.20171613
-0.24320516	-0.3589471	-0.31151432	0.240218	-0.22614966	-0.3191894	-0.27208903	-0.35379303	-0.31496614	-0.26625496	-0.30464184	0.2533886	0.34925866	-0.36416292	-0.2587409	-0.35316128
-0.10742447	-0.23549902	-0.1337321	0.16472976	-0.12884836	-0.18884876	-0.1751588	-0.17539512	-0.22093834	-0.088112675	-0.14492461	0.17692184	0.22592567	-0.21923836	-0.17059647	-0.23104571
0.27185452	0.17041759	0.18758857	-0.18823946	0.22550757	0.18862885	0.1810333	0.15080723	0.19651891	0.2183787	0.12656169	-0.1600236	-0.20112489	0.16006042	0.18936294	0.19117156
-0.29064322	-0.37739912	-0.34646168	0.29262993	-0.27917048	-0.43120703	-0.29712865	-0.39869547	-0.3977938	-0.17870393	-0.3083463	0.28713745	0.4252825	-0.31934148	-0.26277843	-0.38786176
-0.37233046	-0.5078942	-0.46879336	0.47343442	-0.40227866	-0.4630254	-0.4848809	-0.43691418	-0.51247317	-0.2932026	-0.43532795	0.4396022	0.5684234	-0.4488634	-0.34187818	-0.42094398
-0.21752998	-0.27400634	-0.28046787	0.28377658	-0.271132	-0.26767763	-0.24299502	-0.29519516	-0.2778468	-0.09650719	-0.22161596	0.18723139	0.33399785	-0.23111427	-0.16915841	-0.24763113
0.51837415	0.53800446	0.53312147	-0.53782576	0.49721953	0.5269636	0.5181041	0.5133179	0.4838936	0.47088754	0.45980325	-0.47180793	-0.57801664	0.51476544	0.51732534	0.45742714
0.21797235	0.2509106	0.26257104	-0.2073388	0.2609312	0.27623948	0.2673296	0.23680714	0.24222982	0.2398218	0.16668586	-0.18593577	-0.20101815	0.26950073	0.21031985	0.23379424
-0.10897577	-0.10125748	-0.060591057	0.04808745	-0.04685979	-0.13810217	-0.054342948	-0.111570016	-0.05636661	-0.04640106	-0.03172635	0.074982755	0.12607633	-0.04895476	-0.055674884	-0.13396572
0.93544966	1.0238624	0.9237958	-0.91143674	0.99829775	0.9744487	0.99100506	0.93333155	1.0060122	0.78550214	0.8509821	-0.85649675	-1.0724282	0.93515	0.8473412	0.9352707
-0.075273976	-0.16635194	-0.07529306	0.094154805	-0.08450572	-0.15969872	-0.10183705	-0.0909733	-0.15299547	-0.082919344	-0.09276392	0.13026692	0.1493063	-0.14567816	-0.07586295	-0.07590128
-0.05647102	-0.11496044	-0.009337199	0.06948917	-0.042551443	-0.10219111	0.01588156	-0.10611902	-0.010026893	-0.007850401	-0.029187504	0.012762159	0.082387894	-0.06533104	0.014114476	-0.10867907
0.8551294	1.0422237	0.8914847	-0.88531536	0.8858493	0.92873716	0.88927376	0.86980706	0.91687727	0.78561765	0.8778251	-0.80036426	-1.028866	0.8724554	0.8710923	0.85799044
0.06966154	-0.08523504	-0.02589902	-0.008478571	0.037841763	-0.08178439	-0.026309028	-0.034654267	-0.007121435	0.07258737	0.011458056	-0.017628072	0.07428513	-0.05743532	-0.030271491	-0.06250521
-0.076391794	-0.2208955	-0.21485966	0.18624447	-0.13711186	-0.17248327	-0.14172061	-0.2493262	-0.16248536	-0.12039673	-0.12581791	0.18642268	0.22683531	-0.15752313	-0.16321306	-0.14765896
-0.25227103	-0.45869517	-0.37274754	0.3783093	-0.31439048	-0.45847532	-0.31010476	-0.4380376	-0.4753206	-0.20507422	-0.41694912	0.38869712	0.51288366	-0.40551338	-0.33900365	-0.3905745
0.5056822	0.55959433	0.5092849	-0.5137715	0.624175	0.57995737	0.60120326	0.55333334	0.6080984	0.46046788	0.53984267	-0.46547133	-0.61055905	0.5458349	0.5195672	0.5477096
-0.11553911	-0.17798708	-0.13103718	0.07431352	-0.13135235	-0.16877618	-0.14553095	-0.19673677	-0.17741726	-0.11007019	-0.17963155	0.10283513	0.14742368	-0.109728746	-0.07567699	-0.1067021
0.21564667	0.24562159	0.14494132	-0.2468561	0.17596075	0.23461175	0.25445464	0.23949273	0.2385095	0.16206492	0.17997627	-0.1350367	-0.1673384	0.1880237	0.15050593	0.23566918
-0.13470045	-0.3115185	-0.21180812	0.2333341	-0.23446053	-0.3440966	-0.21113726	-0.26223642	-0.25473	-0.08704626	-0.21502843	0.17772372	0.29359367	-0.27229965	-0.1399258	-0.22217064
0.10920338	0.016006293	0.05908877	-0.074369825	0.0025362414	-0.0429657	0.081828535	0.034735344	0.06278605	0.06276456	0.013173013	-0.039118115	-0.008284098	-0.015848806	0.0406669	-0.027931115
0.049105223	0.007076661	-0.015778512	-0.047295902	0.06001942	-0.059977576	0.035759654	0.026534798	-0.010268246	0.08073064	0.03960048	-0.024120292	0.051742703	-0.005061914	0.034211215	0.018851528
-0.4641717	-0.6356742	-0.5386864	0.5100016	-0.53010195	-0.6391403	-0.52117443	-0.5951525	-0.6004017	-0.42821014	-0.53246814	0.47387934	0.6515625	-0.62291914	-0.4664557	-0.5375827
-0.21405944	-0.25624967	-0.2095131	0.26731226	-0.2506885	-0.3422978	-0.20195468	-0.32182333	-0.25668418	-0.1813732	-0.25066698	0.22006442	0.33467466	-0.22672458	-0.24530497	-0.30226403
0.9315963	1.1054956	0.98318315	-1.0116559	0.9669845	1.0452032	1.0058798	1.03539	0.9906432	0.78799343	0.92197394	-0.88351154	-1.0822382	0.9519215	0.9075209	0.91220516
0.51396596	0.5388969	0.53441066	-0.53335184	0.5536269	0.5859568	0.5577568	0.5616788	0.55175066	0.47209686	0.5362332	-0.462121	-0.63005614	0.5367456	0.4743662	0.4950405
0.13002121	0.17624131	0.15027428	-0.17981476	0.18149252	0.08951626	0.20019455	0.1167094	0.12761387	0.1470651	0.13314219	-0.07654612	-0.103165284	0.11862604	0.1406022	0.10826867
-0.16039385	-0.14933406	-0.091245934	0.14618047	-0.13943437	-0.12985122	-0.10476011	-0.14800851	-0.17487152	-0.118205264	-0.098646045	0.11892505	0.17299502	-0.098683655	-0.164642	-0.12990637
0.09720731	0.14598972	0.14350113	-0.13655077	0.15138167	0.09346926	0.08838329	0.13862064	0.18519807	0.068031	0.14679866	-0.106870726	-0.105684474	0.11196282	0.093205646	0.15667696
0.12527953	0.070255235	0.15409568	-0.117579475	0.17346168	0.08566964	0.13647825	0.07586144	0.092319466	0.11629711	0.049103506	-0.105043024	-0.14503226	0.05755465	0.07453268	0.06892656
-0.32329738	-0.29599446	-0.33462977	0.33655006	-0.29985452	-0.33082345	-0.34242627	-0.2825088	-0.32206824	-0.24601942	-0.31690386	0.30535218	0.323717	-0.36082995	-0.2765378	-0.32878768
-0.067396946	-0.094190456	-0.08081132	0.05180336	-0.08883607	-0.13268897	-0.056857858	-0.13551328	-0.11483317	0.012873068	-0.1066702	0.04593846	0.19291383	-0.088152915	-0.027228486	-0.1042435
0.55136126	0.55082244	0.4779414	-0.5647717	0.49284816	0.524105	0.5689464	0.5356932	0.4781345	0.4702803	0.5232205	-0.44163272	-0.5574317	0.47417852	0.51034045	0.51836646
0.037311994	-0.14271517	-0.08394398	0.03671042	-0.021056991	-0.116629265	-0.070645176	-0.09482871	-0.06376014	-0.044806693	-0.015947381	0.08228775	0.06319284	-0.062404413	-0.061848022	-0.06781698
0.16787541	0.13408771	0.14153832	-0.17757893	0.22837292	0.12333378	0.18891849	0.11112077	0.15906516	0.20602217	0.17882417	-0.18751028	-0.15656328	0.19149065	0.18031229	0.17332613
0.21870463	0.24570441	0.19510217	-0.23026836	0.17165573	0.21931405	0.19037414	0.15981688	0.2293195	0.1650152	0.21054877	-0.17044067	-0.2608857	0.16383673	0.22788417	0.23923339
0.029674789	-0.07572527	0.0048163217	0.047838908	-0.023094118	-0.042776063	-0.09035154	-0.056303263	-0.05807695	0.02692864	-0.033907574	0.0676523	0.07800164	-0.08727413	0.0058780033	-0.03981434
0.12160786	0.10317139	0.07838428	-0.13268489	0.15782942	0.14660592	0.10244168	0.064443454	0.14704573	0.06409097	0.14221859	-0.08077582	-0.15349068	0.11721455	0.13500799	0.13685164
0.28523412	0.24540026	0.2633428	-0.26792175	0.26592043	0.21405418	0.2645467	0.20997384	0.21523656	0.26732084	0.22692925	-0.20634648	-0.22499564	0.19669677	0.28920716	0.20635262
0.06534674	-0.059146233	-0.031758938	-0.025736464	-0.056708228	-0.12072002	0.00023526579	-0.045164842	-0.08229025	0.0505296	0.011726547	0.02503002	0.04413185	-0.050799973	-0.014744137	-0.07260368
0.037518464	-0.000581117	0.010099214	0.02349145	0.012388943	-0.070384406	0.04717907	-0.009819068	-0.080620535	0.022839325	-0.058322445	0.037727877	-0.0014252717	0.029520646	0.0043304255	-0.07265638
-0.33427587	-0.52869225	-0.39114085	0.44786128	-0.43491825	-0.4903437	-0.4069862	-0.4737289	-0.46118948	-0.3092974	-0.46895373	0.42903265	0.4246886	-0.4243543	-0.42543066	-0.41089857
-0.10129508	-0.16381085	-0.10624617	0.08222118	-0.071970776	-0.17342791	-0.13628124	-0.15820915	-0.16888368	-0.111827	-0.088300444	0.0806709	0.16522524	-0.111807816	-0.11466408	-0.10785685
-0.12980491	-0.24164912	-0.1632512	0.2022607	-0.17677538	-0.1658776	-0.20663257	-0.22955291	-0.1827045	-0.100107566	-0.1933788	0.20582463	0.18074699	-0.17487903	-0.18883611	-0.19851324
0.04202296	0.013537579	0.0596205	-0.02567898	0.09723438	0.042895276	0.0519143	0.039168846	0.0100067	0.051061124	0.052509896	-0.03577635	0.049502295	0.020389253	0.010636744	-0.024836797
-0.03924088	-0.0688053	-0.03082513	0.065821916	-0.017753733	-0.097181424	-0.041781064	-0.07902606	-0.0824017	-0.035692267	-0.079811215	0.0044445517	0.099877186	-0.031381305	-0.043969363	-0.09550622
0.06184967	0.024421303	0.07621001	-0.04657146	0.09592825	-0.0014438329	0.036625225	0.07390511	0.07480258	0.0041109137	0.06760142	-0.030026922	-0.05822762	0.05561714	0.03368314	-0.009235893
0.2449532	0.23097499	0.22329767	-0.21048209	0.277414	0.29242888	0.21450931	0.24179237	0.27780268	0.18561108	0.2549826	-0.17135546	-0.25266925	0.21904188	0.24816824	0.26051372
-0.8423213	-1.0422342	-0.91639656	0.87190515	-0.9270162	-1.0211871	-0.87703425	-0.90160763	-0.94354945	-0.73884726	-0.86886424	0.87250894	1.0314184	-0.9748662	-0.8447478	-0.9187281
-0.18420449	-0.2698878	-0.16508529	0.1560276	-0.14655712	-0.2506779	-0.177868	-0.25968754	-0.20656087	-0.10647654	-0.22974227	0.2165501	0.19909196	-0.19079575	-0.21505082	-0.22353859
0.058533344	-0.0031698695	0.010407581	-0.030670414	0.021343317	-0.048502177	0.006414396	0.034161985	0.0031827074	0.013300451	0.03791037	0.043923434	0.00051326514	-0.045352064	-0.014389024	0.028186975
-0.70855784	-1.0120685	-0.7852714	0.8188619	-0.80496866	-0.9598589	-0.88642544	-0.8831147	-0.9709539	-0.65777683	-0.80858594	0.72610927	1.0214368	-0.8810481	-0.8200165	-0.79946375
-0.09663236	-0.22548606	-0.19437315	0.13137615	-0.13973638	-0.20638064	-0.14360172	-0.14670883	-0.17419367	-0.1481224	-0.11563346	0.12374294	0.22019836	-0.1925565	-0.17648077	-0.15097879
-0.06313103	-0.098883234	-0.09253083	0.053583138	-0.028240638	-0.04586342	-0.03546717	-0.02412792	-0.11463087	-0.07105706	-0.018815413	0.06874555	0.10548731	-0.052792337	-0.036997326	-0.06811935
-0.027991496	-0.058235593	-0.040038235	0.0053111105	-0.00061072555	-0.04107175	0.024034752	-0.028167313	-0.046313483	0.03200748	-0.002732083	0.026924105	0.03298229	-0.07764682	0.010997104	-0.017249228
-0.5803063	-0.8065385	-0.66084313	0.64359915	-0.64054304	-0.73513085	-0.6473676	-0.7200401	-0.78315634	-0.5191553	-0.6583627	0.5811745	0.80971307	-0.7432243	-0.6155475	-0.69952875
0.16472015	0.14512552	0.11096501	-0.17631523	0.15439636	0.1709501	0.10688993	0.15935554	0.16765769	0.1403217	0.10227531	-0.11518776	-0.17534105	0.13941608	0.08869056	0.14841583
-0.6949773	-0.6959756	-0.6886613	0.6507783	-0.728849	-0.6932696	-0.72119796	-0.63382995	-0.70145404	-0.5924792	-0.6501739	0.61241555	0.71711564	-0.6752336	-0.6218695	-0.61286896
0.019348197	-0.030373523	0.008896046	0.042606942	0.04000184	-0.04822121	0.016606418	-0.0848324	-0.02891728	0.031044843	-0.0049924515	0.011785238	0.055417817	-0.053606514	-0.015479955	-0.089113645
0.17729636	0.12249977	0.10564641	-0.08648744	0.15738006	0.12821381	0.13477133	0.14604461	0.096903965	0.1492757	0.06120312	-0.13858981	-0.13672017	0.06623864	0.1598766	0.06867598
0.91114384	1.04582	0.95769787	-1.0295948	0.98105055	1.0824369	0.9708716	0.97664475	1.059454	0.8536579	0.9908242	-0.87515956	-1.1229396	0.9562399	0.8817806	0.91508925
-0.65183496	-0.9621421	-0.72531676	0.72759616	-0.76031655	-0.83759093	-0.80352056	-0.868311	-0.8722962	-0.6160767	-0.82364225	0.766501	0.9406502	-0.85248363	-0.7344621	-0.7895648
-0.057239596	-0.21774267	-0.14439599	0.14226605	-0.14413641	-0.1761083	-0.12953061	-0.17836137	-0.12130699	0.003729404	-0.15221661	0.0820845	0.23826882	-0.1355822	-0.06668486	-0.10907031
-0.28636846	-0.3659651	-0.33181334	0.25158685	-0.25040415	-0.34897783	-0.2625869	-0.3082193	-0.34640706	-0.23400103	-0.3215353	0.33319616	0.38846344	-0.31918347	-0.27780184	-0.25952482
0.6444592	0.7671989	0.6683598	-0.66127926	0.68647325	0.73726314	0.63987374	0.6847132	0.7279301	0.55885124	0.68015754	-0.644116	-0.7227806	0.6977188	0.6571873	0.6694447
-0.42363873	-0.5386379	-0.43883044	0.47244537	-0.45036322	-0.5506105	-0.45589337	-0.50436085	-0.48748237	-0.36093146	-0.4708883	0.4009154	0.49036404	-0.4717794	-0.42286187	-0.4947107
-0.4914957	-0.50072193	-0.46762547	0.43941012	-0.49083874	-0.53647643	-0.51171684	-0.43720096	-0.45849103	-0.4383361	-0.4719828	0.391354	0.49387768	-0.42323107	-0.4729749	-0.42418328
0.07939306	0.0896401	0.07427104	-0.13885288	0.07818306	0.069666095	0.07596058	0.10588948	0.121006735	0.13716264	0.08162364	-0.13612153	-0.023981597	0.07902786	0.12488727	0.12849107
0.228455	0.24540457	0.27044496	-0.23754397	0.27190682	0.2667262	0.29854068	0.28656614	0.24038441	0.27080998	0.23310255	-0.20615795	-0.26050422	0.23383242	0.28564262	0.25160235
0.22244935	0.23170635	0.24330343	-0.25759864	0.27123326	0.2175431	0.20893396	0.23198341	0.2317823	0.14569707	0.14077221	-0.19177172	-0.21302478	0.20013957	0.20526221	0.15208443
-0.01539285	-0.04858058	-0.082064874	-0.0021758068	-0.05183133	-0.10337716	0.0012490712	-0.025067419	-0.0670111	0.021332977	-0.0813449	0.013852368	0.11067798	-0.099848814	0.007072522	-0.09969342
0.03376631	-0.01934591	0.033277754	0.001206896	0.020256482	-0.061438423	0.035547137	0.011843316	0.001662091	0.020494832	-0.05273875	-0.0379122	0.064563796	-0.0606199	0.05695623	-0.06059086
0.50204074	0.47093362	0.4383437	-0.49062312	0.45518246	0.48402032	0.53065777	0.47616115	0.46224374	0.42521784	0.43201151	-0.4606015	-0.4985757	0.48713326	0.40263322	0.5069332
-0.023427108	-0.0369343	-0.0056900806	-0.012679531	0.013767695	0.04183302	0.0041070553	0.023456182	0.0045392956	0.009993758	0.023936266	-0.032345265	0.017448962	0.074658394	-0.006605727	-0.0019847846
-0.32865858	-0.41809705	-0.35360122	0.33285144	-0.37927717	-0.38315898	-0.3869768	-0.3499153	-0.38718134	-0.24931437	-0.36260173	0.29617718	0.41640735	-0.32593113	-0.32452866	-0.39281186
0.31668496	0.3450515	0.27636287	-0.33699313	0.30660623	0.3382415	0.32374567	0.322483	0.28117892	0.272928	0.31815717	-0.26318705	-0.3240182	0.3088223	0.3085268	0.27114555
0.22407565	0.22646861	0.13895683	-0.21126379	0.17524287	0.14198539	0.22998223	0.18816765	0.18022688	0.13411136	0.17994691	-0.17520232	-0.22994196	0.18143879	0.20891257	0.16930729
-0.64914167	-0.8721976	-0.75654066	0.75009465	-0.7783247	-0.8230861	-0.80445635	-0.79904675	-0.8286877	-0.54584146	-0.7645108	0.7413475	0.9632945	-0.78464943	-0.7479171	-0.8293863
0.43522668	0.54511714	0.46821606	-0.4921784	0.45274743	0.5263809	0.45312712	0.47115263	0.50262886	0.30888262	0.44394207	-0.44845077	-0.5156484	0.53103554	0.38911247	0.43775046
0.18037234	0.24332988	0.18687338	-0.25128773	0.22159663	0.20925498	0.18224238	0.18243328	0.23567887	0.12419662	0.13839777	-0.1435695	-0.2476033	0.20567827	0.21983346	0.16407469
-0.864327	-1.0629228	-0.8726595	0.9515265	-0.92874193	-0.9991164	-0.9237802	-0.9818882	-1.0412763	-0.82113785	-0.8975441	0.8737232	1.0347419	-1.000773	-0.9061961	-0.9018782
0.27260804	0.2725412	0.3057194	-0.25541654	0.27001888	0.29378343	0.28180504	0.2382449	0.31821027	0.27252445	0.29116988	-0.25507233	-0.27104184	0.30309287	0.23750956	0.26020333
0.5455944	0.6549628	0.57145387	-0.65187395	0.62111056	0.63268906	0.60326654	0.62598884	0.6070975	0.54057205	0.56286794	-0.5958615	-0.71507573	0.5893057	0.55498195	0.6424332
-0.007969287	-0.02545761	-0.08336222	0.044423927	-0.058763027	-0.06979183	-0.0570166	-0.044779565	-0.029058706	0.021653945	-0.03454123	0.03434065	0.10002982	-0.05800527	-0.05154075	-0.095430814
0.2967677	0.28931066	0.3434021	-0.3338134	0.30416486	0.296628	0.37659627	0.28386262	0.29591942	0.24037933	0.2903687	-0.24588494	-0.35306585	0.34073043	0.29265654	0.35496914
-0.122345306	-0.060825694	-0.05994508	0.019376399	-0.08904016	-0.023080636	-0.11930442	-0.08062244	-0.09061067	-0.0940045	-0.009024681	0.043498	0.051751368	-0.05721432	-0.055209596	-0.01118896
-0.09034844	-0.078707956	-0.043815177	0.08695889	-0.09310489	-0.13414714	-0.06596893	-0.07828222	-0.0481847	-0.021912212	-0.04428721	0.103290334	0.12803528	-0.062039636	-0.028765976	-0.03849739
0.28475484	0.37932566	0.2587374	-0.29084516	0.32557485	0.31709626	0.3401096	0.26577133	0.30985507	0.28387475	0.2735685	-0.27794608	-0.33410674	0.34781352	0.31807384	0.3398366
-0.09536225	-0.17890306	-0.18199144	0.09572589	-0.123063676	-0.15477726	-0.075184286	-0.15331715	-0.20945063	-0.053886235	-0.14670476	0.1411992	0.21291909	-0.20530264	-0.090266176	-0.18953128
0.54483676	0.61281776	0.640017	-0.60054165	0.5832144	0.5804394	0.60643506	0.643501	0.5996755	0.49865922	0.59040993	-0.5714896	-0.6764305	0.6460347	0.62116665	0.5420704
0.024080543	0.028472574	0.033831526	-0.06010295	0.016961915	-0.05762595	-0.0035181905	-0.06425051	0.012879748	0.08196844	0.0031058714	-0.028507184	-0.019080563	0.0022012524	-0.00029488397	0.037997518
0.21342482	0.14905503	0.18467869	-0.14967602	0.21451584	0.2134774	0.2436546	0.15281549	0.17207626	0.22536917	0.18316849	-0.16170157	-0.15897633	0.1786617	0.19605003	0.15247943
0.29656965	0.3258091	0.35189497	-0.3314913	0.29562026	0.32048148	0.36743817	0.34915724	0.367307	0.2644751	0.32426745	-0.25831696	-0.32114902	0.36320323	0.30604854	0.3274968
-0.22726874	-0.3690192	-0.24940187	0.2514051	-0.27272442	-0.29140815	-0.25483644	-0.30746529	-0.2739178	-0.16227224	-0.22056246	0.20482002	0.35424894	-0.29985702	-0.27846643	-0.24318105
-0.078174874	-0.12052578	-0.12330532	0.08886086	-0.08725059	-0.15861958	-0.08787655	-0.12309007	-0.13996445	-0.057924543	-0.097519614	0.11506841	0.09274289	-0.10873625	-0.083659895	-0.10083343
-0.015845304	0.039621357	0.038235765	-0.040689997	-0.0127084805	0.06712272	0.030096613	-0.0056137806	0.022708744	0.030836647	0.00914782	-0.048433546	-0.07341286	-0.002275908	0.019500911	0.018153843
0.20724228	0.117419496	0.1462411	-0.18178566	0.21391514	0.17451307	0.18625878	0.15587795	0.19110873	0.12713414	0.1934849	-0.12436629	-0.15467256	0.17194375	0.12332467	0.16398004
-0.42126596	-0.61620116	-0.48833236	0.496222	-0.49665937	-0.610995	-0.47575954	-0.53601956	-0.54224366	-0.44407928	-0.53228563	0.48528618	0.55791014	-0.5320303	-0.4769976	-0.54251724
0.5765475	0.648198	0.56126046	-0.5424959	0.6033018	0.6173663	0.6113358	0.60531527	0.59928024	0.43533087	0.5035232	-0.46027482	-0.58169174	0.5311293	0.5252796	0.5247157
-0.08390774	-0.08555355	-0.0750003	0.11251241	-0.03262049	-0.14885327	-0.04856974	-0.11244328	-0.059050772	-0.060079604	-0.09760425	0.056065127	0.078406624	-0.032540627	-0.013884404	-0.04613784
-0.16853777	-0.25038433	-0.21395794	0.16728182	-0.15877911	-0.29314768	-0.1689251	-0.30261815	-0.27259925	-0.11172547	-0.22105667	0.16843054	0.26947388	-0.2321565	-0.22798996	-0.2796682
0.026481103	0.07359616	0.0045102835	-0.017541535	0.059460457	-0.002343553	0.056431938	0.0853273	0.07948168	0.048393514	0.03287126	-0.08804839	0.036031485	0.06621211	0.050735135	0.016824273
-0.05098082	-0.24633269	-0.16622682	0.11149975	-0.10616774	-0.25928724	-0.09684637	-0.20559004	-0.20843542	-0.03977637	-0.15677695	0.115766615	0.1963632	-0.21361321	-0.09603473	-0.19475105
-0.46986324	-0.6264875	-0.48430732	0.530624	-0.5660675	-0.60349554	-0.52677584	-0.5412206	-0.5638008	-0.43147022	-0.50144583	0.52056086	0.62078565	-0.5660442	-0.51218677	-0.55103177
0.14823276	0.10845414	0.16650406	-0.102895536	0.108515486	0.13451341	0.12884028	0.112126775	0.13621315	0.14251442	0.11630062	-0.13280016	-0.13057376	0.15442224	0.094782904	0.09947914
-0.35913855	-0.4983232	-0.4556061	0.4813331	-0.49416718	-0.4994392	-0.47869015	-0.46868673	-0.46667963	-0.30641308	-0.4115932	0.38298705	0.5195576	-0.49388406	-0.44181666	-0.42780033
-0.14500947	-0.1383289	-0.115211345	0.09083461	-0.18326555	-0.194623	-0.09598917	-0.20757368	-0.15875697	-0.06127448	-0.10728422	0.10110858	0.12106885	-0.17574172	-0.15241599	-0.19640525
0.13033865	0.13101846	0.18373296	-0.11451618	0.20008619	0.13061833	0.1421037	0.19361487	0.13375212	0.1741723	0.12044262	-0.13585441	-0.119176485	0.17876817	0.124549866	0.17677462
0.22563285	0.23540168	0.21648735	-0.21296605	0.2164608	0.17300555	0.17367177	0.19990696	0.15557058	0.1877179	0.14476311	-0.13681577	-0.2336003	0.14997157	0.22055268	0.21853213
-0.15225391	-0.22646606	-0.23660854	0.21463867	-0.20597509	-0.213903	-0.21031179	-0.21666162	-0.26139393	-0.2047039	-0.17996095	0.20930047	0.24689752	-0.263063	-0.20305091	-0.20333354
0.26896948	0.228499	0.19320135	-0.25314015	0.27056506	0.19637309	0.26266542	0.2728259	0.2277328	0.17842017	0.20925637	-0.18280113	-0.27231333	0.22981073	0.21491975	0.25262198
0.2904746	0.25267497	0.23970343	-0.22897099	0.23678607	0.25070682	0.28663632	0.23373786	0.22688909	0.27364117	0.27255824	-0.26556346	-0.25528216	0.28813073	0.19015542	0.22194767
-0.15173523	-0.20123647	-0.15877298	0.17979309	-0.12994254	-0.22186121	-0.13308772	-0.15196261	-0.23545408	-0.10708088	-0.20942238	0.17431138	0.2699087	-0.15294759	-0.107144505	-0.2279967
0.08651771	0.098449394	0.071097195	-0.087103225	0.11894534	0.10511944	0.0628323	0.051757697	0.12149456	0.12999395	0.11751206	-0.115797654	-0.06714952	0.112865694	0.12621322	0.10363567
0.12265789	0.06349221	0.10643479	-0.16009666	0.12374367	0.074158646	0.1071695	0.12338912	0.098282486	0.13744296	0.0660161	-0.11054202	-0.059921626	0.07968936	0.14051342	0.091278076
-0.14823018	-0.25164014	-0.16482197	0.21056002	-0.20236036	-0.15350859	-0.20906055	-0.19317554	-0.18620093	-0.10024259	-0.1474403	0.13285993	0.18233302	-0.16805261	-0.22177179	-0.16796441
-0.32289755	-0.35903627	-0.3255521	0.37508386	-0.39834255	-0.35021394	-0.31801817	-0.39766553	-0.34300905	-0.27583778	-0.3638931	0.307598	0.3852592	-0.40856	-0.3682905	-0.3213736
0.40732905	0.40964457	0.34185025	-0.37820342	0.41272458	0.3549918	0.3966015	0.42363942	0.39132315	0.38943276	0.4182225	-0.36450046	-0.43015066	0.43330824	0.3495191	0.40017086
-0.8145603	-0.95611966	-0.79708195	0.8735508	-0.86739725	-0.8957	-0.7907464	-0.86973506	-0.9391628	-0.74033344	-0.8510153	0.7780924	0.966949	-0.9128014	-0.82402706	-0.798559
-0.07694652	-0.16138545	-0.1740415	0.17272131	-0.1266177	-0.14118887	-0.102710575	-0.16578922	-0.13894059	-0.08424121	-0.12053689	0.15610163	0.19895512	-0.13049403	-0.10000654	-0.114919156
-0.29423243	-0.4297453	-0.32894883	0.404628	-0.40513796	-0.4837448	-0.3882409	-0.46474212	-0.43104488	-0.24874526	-0.39344597	0.35727674	0.45891586	-0.41234168	-0.29207548	-0.3590296
0.8241156	0.932001	0.842887	-0.8491358	0.87198055	0.8954267	0.8523632	0.8197515	0.8454435	0.74815494	0.8152632	-0.8025492	-0.9011624	0.8712779	0.7559226	0.8398158
-0.082488015	-0.101358235	-0.1094313	0.069746874	-0.12652698	-0.14457399	-0.060084794	-0.13983296	-0.13105656	-0.043248184	-0.13389005	0.059088413	0.13018039	-0.059919644	-0.046221215	-0.12019746
-0.24743348	-0.29279366	-0.25478405	0.27407578	-0.1909132	-0.27138594	-0.21130112	-0.28063115	-0.25221953	-0.21000597	-0.23796915	0.15911742	0.2999626	-0.23208416	-0.25238505	-0.21626721
-0.43785718	-0.6255573	-0.49482134	0.49670637	-0.44591078	-0.5585312	-0.5207996	-0.5399558	-0.58384234	-0.31632876	-0.5052354	0.49450362	0.5750879	-0.58708745	-0.42605117	-0.5192415
0.26789013	0.259059	0.25010094	-0.2723731	0.31772637	0.25612056	0.27054334	0.30650735	0.30801204	0.30259162	0.2895325	-0.21497293	-0.27620518	0.30764064	0.23143063	0.2448081
0.13110587	0.11446735	0.12898518	-0.12240689	0.081483364	0.10668953	0.09503539	0.11120529	0.09903152	0.04724663	0.07088382	-0.039307628	-0.060596284	0.028225038	0.08130224	0.09941905
-0.41033423	-0.45958716	-0.43164557	0.44639167	-0.43334904	-0.46203142	-0.47542846	-0.44167662	-0.38126954	-0.3286448	-0.42328116	0.37403998	0.51171076	-0.36680433	-0.39021593	-0.4316046
0.18756923	0.2546645	0.22467594	-0.2440336	0.1809421	0.22697549	0.21352857	0.20780863	0.2530462	0.1312883	0.1611819	-0.21081764	-0.27073252	0.22722155	0.18970647	0.19761692
0.1023233	0.12049553	0.11659151	-0.10359696	0.17464745	0.13812765	0.10676207	0.07745603	0.12598613	0.13845941	0.15190138	-0.11219261	-0.107834004	0.08286463	0.19123279	0.131657
-0.36747673	-0.4754638	-0.34081125	0.36379838	-0.3558993	-0.39247563	-0.333672	-0.43257728	-0.403203	-0.3049364	-0.37741306	0.3295369	0.44630083	-0.3451063	-0.28243873	-0.34471673
-0.2337003	-0.3443893	-0.28861725	0.25730798	-0.290518	-0.3429597	-0.3125406	-0.30017954	-0.33836833	-0.24653214	-0.26089606	0.27361363	0.3737435	-0.27081212	-0.25219744	-0.32642287
0.18698548	0.17958482	0.21390402	-0.19388548	0.2319875	0.17856553	0.20955157	0.23142035	0.18789539	0.21011539	0.15675111	-0.1671391	-0.17432494	0.14904703	0.14476107	0.18003109
0.28915074	0.27432764	0.25418267	-0.28518435	0.3238334	0.29075044	0.29910147	0.25149933	0.27414557	0.21570356	0.28211617	-0.2937311	-0.24081355	0.32444373	0.32337084	0.2853621
-0.008879626	0.0025080976	0.0019003743	-0.050322395	0.04620671	0.028749611	0.081823416	0.038027145	-0.021646587	0.012734289	-0.032406185	-0.028397484	-0.0011174637	-5.220498e-05	0.0661283	-0.02584242
-0.29580697	-0.39349732	-0.28945133	0.29326937	-0.35732335	-0.36089617	-0.2825658	-0.30892265	-0.3648246	-0.2742759	-0.3273389	0.29917517	0.37178594	-0.3695643	-0.3151319	-0.35340607
-0.20082591	-0.20307882	-0.1845998	0.14108087	-0.16790327	-0.2212794	-0.12644568	-0.1844304	-0.2265125	-0.094272025	-0.14069742	0.21139956	0.22630642	-0.21419626	-0.20765194	-0.14117068
-0.35088992	-0.44511148	-0.39658234	0.41565916	-0.39050022	-0.4507469	-0.38450503	-0.36872116	-0.395837	-0.33263376	-0.4114646	0.38824657	0.44627196	-0.36585593	-0.3070683	-0.3571086
-0.3645659	-0.4154034	-0.38738993	0.36828122	-0.4162033	-0.37266514	-0.3925914	-0.41847247	-0.3535995	-0.30796552	-0.31182346	0.3256631	0.3852498	-0.38640594	-0.35707912	-0.36764
0.2935462	0.38427666	0.32655022	-0.3558419	0.3454029	0.32272214	0.32963902	0.3433358	0.33455002	0.28284672	0.3098202	-0.30025336	-0.39205956	0.35104904	0.37362656	0.35395858
0.20621957	0.23676364	0.1634294	-0.21665514	0.22240025	0.23057815	0.15829955	0.22881413	0.21358868	0.14599817	0.2271204	-0.1626535	-0.1707304	0.18279052	0.22699675	0.1431563
0.36115336	0.3927266	0.37740126	-0.34401014	0.33730313	0.37575382	0.3998073	0.33691335	0.38806143	0.29032108	0.2737794	-0.27628055	-0.39039332	0.38546935	0.34917915	0.3357519
0.28997466	0.30069447	0.27355316	-0.3083687	0.35952392	0.33561978	0.336353	0.33698016	0.3301678	0.3202769	0.26596558	-0.28275484	-0.34870803	0.30305812	0.25158554	0.32064214
0.05746525	-0.0014053033	-0.0030570754	-0.040824763	0.014762099	0.050717533	0.06155298	-0.027963735	-0.0016391517	0.021432206	-0.001309703	0.022605294	0.009217554	0.03223481	0.05986925	-0.0058031036
0.08567593	0.1327069	0.046316378	-0.086884744	0.10539029	0.14686637	0.056004938	0.0730408	0.13825709	0.09861596	0.05951908	-0.09196484	-0.14461306	0.113259986	0.121496	0.12633836
-0.077996455	-0.071401194	-0.08944845	0.06556809	-0.14847448	-0.10331582	-0.11475741	-0.046613656	-0.1510973	-0.16401702	-0.064025074	0.08250264	0.11265416	-0.07364599	-0.11668447	-0.113373175
0.025891554	0.07700191	0.042470124	-0.07805064	0.030283166	0.08808468	0.07361568	0.033404004	0.08080896	0.046652857	0.052905813	-0.005574878	-0.017585421	0.017019687	0.10597488	0.0783737
0.7492102	0.86206204	0.805849	-0.8339508	0.8697369	0.8665411	0.7864199	0.8181119	0.83921784	0.7297466	0.796184	-0.7106521	-0.904933	0.7950901	0.80657804	0.76138306
0.2519075	0.20949355	0.23875606	-0.1740105	0.25676802	0.25114265	0.22072984	0.17069201	0.18770973	0.1506416	0.18921141	-0.20529465	-0.18541437	0.19543342	0.23461872	0.19573215
-0.12285842	-0.16667557	-0.073988155	0.122075945	-0.119923934	-0.17542334	-0.13130373	-0.12623599	-0.14087848	-0.090200886	-0.13212718	0.10667018	0.17655432	-0.1623607	-0.118248865	-0.12958796
-0.5707102	-0.7555582	-0.6038192	0.6198832	-0.653384	-0.668147	-0.6454092	-0.7041169	-0.72535753	-0.49036247	-0.64629805	0.61914974	0.8072918	-0.65023357	-0.5524305	-0.6084419
0.13062274	0.11149069	0.09795069	-0.07678336	0.15426649	0.14228068	0.105826266	0.09231593	0.092135236	0.107091375	0.06674951	-0.05021365	-0.102759145	0.11024849	0.053401526	0.07679156
-0.23769617	-0.22289203	-0.23878735	0.18102138	-0.22294247	-0.21501319	-0.21316923	-0.26832625	-0.2594897	-0.1645898	-0.18493652	0.16275932	0.2289663	-0.24737379	-0.19376038	-0.2202912
0.09302036	0.10369967	0.09964763	-0.15500654	0.18243194	0.1097325	0.106502175	0.17381786	0.13525327	0.14591098	0.14163035	-0.15329185	-0.11729992	0.15900184	0.091766104	0.11728225
-0.44711247	-0.58964634	-0.45880678	0.45515397	-0.4524113	-0.499834	-0.50889003	-0.4754016	-0.500796	-0.36039498	-0.4406145	0.4078431	0.5581614	-0.4718494	-0.44886	-0.4798441
0.043922998	-0.045714334	-0.013499751	0.010891376	0.017205717	-0.028676828	0.023623325	-0.0037094862	-0.016797768	0.031359877	0.031961653	0.031914998	-0.043412466	-0.025016015	0.046784915	-0.025401706
-0.26987603	-0.36561447	-0.29008144	0.28625616	-0.26355222	-0.36260176	-0.31243512	-0.3656924	-0.3554901	-0.1929446	-0.28520727	0.2833028	0.3960329	-0.30774498	-0.32266793	-0.36678085
0.46366325	0.4693107	0.44222867	-0.4287594	0.41073304	0.41438898	0.422572	0.48207512	0.41844314	0.37686092	0.3959356	-0.35811096	-0.46340725	0.43777505	0.40058598	0.41913208
0.04348758	0.024729528	0.026244028	-0.01737404	-0.011802909	-0.03897076	0.043839365	0.025077235	0.009107047	0.03858634	-0.05131594	0.008768769	0.038848415	-0.004311872	-0.010221778	-0.03459097
0.41801238	0.44978032	0.42911184	-0.4102725	0.48409668	0.5090611	0.5048536	0.47712314	0.44226107	0.38018745	0.42526716	-0.3490451	-0.46530294	0.41285056	0.39735016	0.47819138
0.11607697	0.058516115	0.12464713	-0.109662525	0.12318399	0.038717527	0.06628002	0.10614933	0.13616177	0.06454993	0.0618707	-0.08088855	-0.12399689	0.070945986	0.10128951	0.09904354
0.4292697	0.45124206	0.40135342	-0.39464405	0.45003036	0.42569998	0.39255223	0.4607429	0.46684763	0.32505143	0.4258535	-0.41612276	-0.4979929	0.39147857	0.4204146	0.3838485
0.3641511	0.43355045	0.41560504	-0.43100777	0.41697383	0.37385222	0.38562813	0.38400188	0.3524202	0.3624677	0.35543424	-0.34132686	-0.44929123	0.36708194	0.3432851	0.4078925
0.04023313	0.12500912	0.08991859	-0.057819393	0.06883612	0.14631401	0.11860429	0.14841715	0.15122233	0.026417939	0.1344401	-0.14435641	-0.105551	0.16500574	0.08974709	0.13265845
0.558039	0.61141783	0.5175689	-0.5868221	0.510559	0.589229	0.5070379	0.5586776	0.51476604	0.4481304	0.46342698	-0.4741217	-0.5517806	0.5853594	0.53147405	0.5072302
-0.32590303	-0.40067276	-0.36026093	0.34888524	-0.33929396	-0.36829042	-0.38064083	-0.4010237	-0.37063518	-0.26430058	-0.37846678	0.37863648	0.40123186	-0.3474262	-0.37598667	-0.32087338
-0.27191815	-0.401871	-0.33693367	0.3275626	-0.34030893	-0.40973005	-0.38761714	-0.41467872	-0.34730217	-0.21954887	-0.3563927	0.33637735	0.3904305	-0.34019083	-0.35867083	-0.35190365
-0.22782138	-0.22607273	-0.20002097	0.22022565	-0.2554529	-0.29628974	-0.27059242	-0.23046468	-0.28625652	-0.21170616	-0.21398278	0.18355165	0.30594572	-0.28653762	-0.24970664	-0.22467196
-0.16389336	-0.3854086	-0.23902397	0.22550027	-0.21957438	-0.27925014	-0.26232696	-0.26876098	-0.31842673	-0.15425105	-0.27091756	0.26637962	0.38640687	-0.30744764	-0.1839379	-0.29443562
0.07157453	0.05300333	0.111481674	-0.057917893	0.057676226	0.1012042	0.10736028	0.062330194	0.12744704	0.1347171	0.054831114	-0.03696654	-0.080452904	0.06767923	0.0629817	0.09744284
-0.47393292	-0.45864594	-0.45311424	0.5089826	-0.462471	-0.4162787	-0.43392232	-0.46595848	-0.4195417	-0.39603347	-0.3596911	0.40147817	0.4691797	-0.38802648	-0.43099654	-0.42048448
-0.08660119	-0.20486341	-0.100791	0.16584602	-0.116702855	-0.1809674	-0.15606928	-0.1668329	-0.16296452	-0.10806473	-0.16709287	0.11798301	0.20262873	-0.17060137	-0.10138144	-0.1760847
0.08964092	0.14264086	0.09328634	-0.05947131	0.089448184	0.07899595	0.11439832	0.07210712	0.08826749	0.1023442	0.05477853	-0.048866674	-0.09558338	0.109073594	0.11854431	0.05854065
0.3456291	0.34853274	0.28745145	-0.33556253	0.34258136	0.30318508	0.33306983	0.3020084	0.28243104	0.30402637	0.2619373	-0.28171635	-0.30339754	0.26211616	0.24439843	0.27510595
0.123348564	-0.005358548	0.06593799	-0.12157498	0.07247256	0.05930324	0.10908478	0.029445875	0.0652548	0.13141425	0.06661859	0.003126757	-0.028329393	0.03268981	0.02633111	0.062431354
0.6957129	0.7918023	0.72054046	-0.74141484	0.7643133	0.82919025	0.806477	0.7999098	0.84496343	0.61994827	0.7313674	-0.6862898	-0.8386829	0.75607014	0.6901418	0.7152241
0.3512668	0.42621994	0.4111403	-0.40365565	0.4011638	0.44541717	0.37911004	0.439004	0.42380556	0.28867877	0.39303616	-0.3725114	-0.46939123	0.43179122	0.40155184	0.4014993
-0.09643954	-0.15800291	-0.17845559	0.12375041	-0.18362682	-0.13975418	-0.17397772	-0.1889253	-0.18445787	-0.16146119	-0.18622507	0.115190126	0.124111615	-0.10564217	-0.17502081	-0.11127606
-0.20498084	-0.3296698	-0.29624674	0.26891592	-0.25247824	-0.25202307	-0.21230868	-0.24260615	-0.31833783	-0.19138485	-0.29698068	0.1952747	0.23804718	-0.29987392	-0.26225778	-0.24027485
0.12338395	0.04121101	0.0438372	-0.11087655	0.07632991	0.07587659	0.10575469	0.10876647	0.09063715	0.12806155	0.028504383	-0.030178037	-0.05470304	0.08735143	0.14128613	0.0751328
-0.039557476	-0.11268357	-0.028737836	0.017994463	-0.0452995	-0.07635549	-0.015715802	-0.11350531	-0.017952038	-0.011940436	-0.049285863	0.041984987	0.075945534	-0.026806049	-0.034674577	-0.0880499
-0.25159937	-0.26790804	-0.25347266	0.2710211	-0.26035166	-0.30561665	-0.21830739	-0.26476812	-0.31206578	-0.13946731	-0.2724951	0.23344387	0.29507604	-0.25906682	-0.20855382	-0.22826256
-0.23248377	-0.35744682	-0.30264044	0.2496568	-0.24379025	-0.28777742	-0.30401328	-0.24326475	-0.26989186	-0.22104631	-0.30982983	0.2950223	0.3469661	-0.2905076	-0.26639754	-0.22760141
0.4126056	0.48461747	0.408937	-0.4907513	0.4372898	0.45333263	0.49209967	0.49780053	0.4771644	0.4231217	0.47035643	-0.43807712	-0.4295671	0.4216872	0.42198074	0.42418006
0.111734316	0.08519085	0.105624914	-0.16130985	0.098973714	0.11818609	0.12065125	0.103942126	0.10011678	0.07901107	0.1648361	-0.11702241	-0.09417222	0.139807	0.11379316	0.16197786
-0.36339644	-0.277986	-0.28156018	0.33384976	-0.2886486	-0.24766588	-0.26571682	-0.25858137	-0.31294087	-0.24661115	-0.21557789	0.23420562	0.25127852	-0.31300893	-0.2600164	-0.22316663
-0.016135475	-0.021384977	-0.06836224	-0.020577364	0.023366781	-0.021798966	-0.032709107	-0.034953885	-0.080471925	0.039114174	-0.0045681177	0.06647392	0.06347116	-0.018944018	-0.028319027	0.0048144446
-0.15368044	-0.19512567	-0.17729957	0.20513168	-0.16412371	-0.14371347	-0.11534269	-0.23550142	-0.19753179	-0.17005795	-0.18765575	0.17972955	0.16430898	-0.20095283	-0.16275606	-0.18622102
-0.18676871	-0.23884045	-0.24953611	0.24080819	-0.2019792	-0.23437005	-0.25715894	-0.2652147	-0.24955729	-0.21826643	-0.20475847	0.17806439	0.26678997	-0.20953931	-0.18358544	-0.21172588
-0.09488422	-0.18068187	-0.11744444	0.13494071	-0.13744463	-0.16595437	-0.104889095	-0.09643723	-0.13789734	-0.09964738	-0.17842682	0.087961935	0.107417844	-0.15164	-0.12800157	-0.14633735
-0.1618126	-0.2643342	-0.24248	0.21901341	-0.1885894	-0.26313704	-0.22151776	-0.21105935	-0.27132478	-0.12139226	-0.19573805	0.21132664	0.28101385	-0.21286607	-0.1517395	-0.26729253
0.17476752	0.12890665	0.17542255	-0.20143129	0.20874795	0.17877066	0.12833796	0.18455482	0.13077599	0.16009293	0.1128368	-0.17298967	-0.13198422	0.11944362	0.16508754	0.094340794
-0.12778312	-0.22975366	-0.17466857	0.20422518	-0.17445843	-0.24859235	-0.22611134	-0.19195807	-0.23623697	-0.15251108	-0.14555156	0.20401432	0.17964002	-0.16740759	-0.18824233	-0.18501557
-0.18812826	-0.2160912	-0.2720523	0.22344828	-0.2581439	-0.28474587	-0.27423558	-0.26400304	-0.26967233	-0.19981278	-0.18256404	0.20385718	0.24006242	-0.22418849	-0.22079338	-0.21846022
0.20208554	0.24982026	0.22798479	-0.18843284	0.19920908	0.1766502	0.250524	0.17363322	0.22195688	0.26454085	0.20677483	-0.24258299	-0.20624644	0.23636495	0.260974	0.24465977
-0.4753015	-0.57238007	-0.5183082	0.4707419	-0.47361925	-0.57826006	-0.529791	-0.5576657	-0.5634956	-0.4031429	-0.54440355	0.4275148	0.63970184	-0.5286495	-0.4815762	-0.47360843
0.21248573	0.19601154	0.18832764	-0.17775205	0.22494082	0.21182163	0.1717503	0.1360642	0.16051193	0.18418624	0.16473198	-0.11836796	-0.14767691	0.21399477	0.14723	0.15184334
-0.10969597	-0.15548076	-0.16565906	0.16165103	-0.09938425	-0.20440331	-0.14553285	-0.20966128	-0.18874061	-0.06952744	-0.1375	0.17975907	0.21551317	-0.19002073	-0.11318188	-0.1350169
-0.6113722	-0.79029965	-0.6506308	0.6579042	-0.7450707	-0.77221525	-0.7057412	-0.68344104	-0.7390226	-0.5888405	-0.67951494	0.6761279	0.73087716	-0.7120646	-0.62084687	-0.68492293
0.14173377	0.13903777	0.15924445	-0.12822029	0.14808562	0.13143264	0.1753847	0.094575785	0.098822735	0.12581514	0.16525915	-0.17064576	-0.15991296	0.16625232	0.122308634	0.1555763
0.42737064	0.44062033	0.41847554	-0.44906795	0.38537353	0.48028043	0.41865838	0.39027506	0.45807707	0.34915036	0.36516592	-0.36393598	-0.51261604	0.4369916	0.38442218	0.41693982
-0.22671874	-0.29354465	-0.20733269	0.24811488	-0.19512856	-0.21445175	-0.1925615	-0.21554212	-0.20989785	-0.15576439	-0.2146842	0.22273152	0.29272196	-0.24826746	-0.17120135	-0.26657012
0.10296836	0.18436177	0.1393521	-0.15433484	0.13239415	0.15034081	0.09614081	0.16567512	0.13916725	0.091413975	0.07625356	-0.10216718	-0.14712586	0.15320766	0.077230565	0.12343632
-0.42186365	-0.56512076	-0.48005515	0.45074788	-0.42929095	-0.54093146	-0.5086384	-0.5198082	-0.5407778	-0.36928934	-0.48027027	0.40974846	0.5927189	-0.51249707	-0.4650162	-0.46638355
-0.1674221	-0.23154022	-0.12571926	0.16783114	-0.1573918	-0.20653261	-0.18267858	-0.2249633	-0.2097282	-0.1434349	-0.21093634	0.11679336	0.2651107	-0.199117	-0.15265019	-0.20551957
-0.23602457	-0.26865882	-0.27433476	0.25354114	-0.28926817	-0.32467568	-0.2627679	-0.27943057	-0.27072915	-0.17290868	-0.23428944	0.27405426	0.28980547	-0.23485276	-0.20816661	-0.30321583
-0.38835022	-0.4799411	-0.35531875	0.35174605	-0.4321888	-0.4775677	-0.3616234	-0.464056	-0.4494109	-0.30720362	-0.3920618	0.3504852	0.44803566	-0.38877088	-0.3520845	-0.44950813
-0.049168844	-0.17910102	-0.11544257	0.12111499	-0.087899074	-0.11467395	-0.13142186	-0.15599322	-0.1437736	-0.04078328	-0.1382763	0.094397224	0.17548509	-0.07650764	-0.10780785	-0.13111204
0.18384391	0.19821559	0.23229374	-0.17720835	0.21665798	0.2370977	0.16650318	0.23952344	0.16853799	0.12475981	0.13778132	-0.1460047	-0.22806175	0.1946338	0.13588235	0.21940878
-0.2458395	-0.3782281	-0.34132323	0.30020687	-0.33398816	-0.33599505	-0.28748327	-0.36643106	-0.3817459	-0.301872	-0.30895168	0.3430412	0.3368315	-0.35782543	-0.32176968	-0.30182657
0.66623676	0.77499527	0.68320906	-0.68534267	0.7396979	0.7494817	0.72150064	0.7447229	0.7151537	0.62069577	0.6667048	-0.6258213	-0.7472248	0.75883424	0.65196973	0.733447
0.108784	0.057211384	0.10280876	-0.069592394	0.07121327	0.05181959	0.11855397	0.05202733	0.04335288	0.1049928	0.028893853	-0.099469125	-0.03138625	0.059741117	0.12336758	0.021869857
0.19036308	0.17469579	0.14678805	-0.20584582	0.21542929	0.14884761	0.16797042	0.2080857	0.2217947	0.20466492	0.15081492	-0.21987283	-0.14730702	0.1746529	0.21556993	0.17074269
-0.31033805	-0.4787715	-0.43022528	0.3556749	-0.36411196	-0.43651283	-0.38691655	-0.38094613	-0.42224997	-0.32226193	-0.3535138	0.40420142	0.4450512	-0.36900172	-0.37760195	-0.43571368
-0.2792038	-0.42085022	-0.29683566	0.27698478	-0.29818943	-0.38137418	-0.28550556	-0.4087812	-0.34438348	-0.21399927	-0.29672414	0.33563936	0.4089223	-0.3482323	-0.31777552	-0.3813087
-0.5854688	-0.63400286	-0.58603173	0.52950084	-0.5812499	-0.58368504	-0.61089	-0.571151	-0.5938107	-0.52584916	-0.53909165	0.57142323	0.6667076	-0.5632108	-0.5883337	-0.5913215
-0.22759625	-0.20114788	-0.15225168	0.19418508	-0.21398173	-0.2234013	-0.15539724	-0.19503687	-0.19017687	-0.20982996	-0.24196388	0.20913427	0.21882212	-0.24061629	-0.20656784	-0.18219306
0.08288497	0.052331854	0.057392295	-0.08574219	0.07979183	0.059230424	0.12824503	0.079076864	0.09942523	0.14302163	0.13359138	-0.0837871	-0.10871664	0.09788931	0.066354044	0.10777409
-0.18835479	-0.23690099	-0.2620863	0.22478905	-0.16351382	-0.22798187	-0.18052025	-0.2625052	-0.22210796	-0.1713212	-0.18655539	0.22461134	0.26198006	-0.20301984	-0.21497855	-0.24514169
-0.014577674	-0.0017177283	0.033210646	0.00054173946	0.0023297563	-0.062685154	-0.012874047	-0.004633759	0.01285705	0.036060326	-0.033401866	0.014399469	0.01382921	-0.05157678	-0.024533387	-0.060181275
-0.010826299	0.13941205	0.07922108	-0.09554632	0.05723831	0.07715225	0.007780797	0.042830963	0.038167924	0.017390806	0.08719226	-0.044630297	-0.146946	0.10934238	0.013640806	0.12402027
0.21029553	0.19533108	0.24953479	-0.22963151	0.28542215	0.21252789	0.22758284	0.19173327	0.22514556	0.15786763	0.17888592	-0.22884344	-0.30279323	0.26062617	0.17026174	0.19359966
0.41912973	0.485181	0.3870698	-0.4866563	0.46451017	0.4628613	0.46557903	0.4450971	0.49336895	0.427142	0.4149463	-0.3878273	-0.51441205	0.4244795	0.43844485	0.41999757
-0.14285374	-0.10321121	-0.05951044	0.081745006	-0.10973699	-0.11365982	-0.10441558	-0.108927734	-0.030306213	-0.085005954	-0.05114439	0.073675096	0.035885464	-0.043322805	-0.10501679	-0.05478289
0.14498511	0.20801914	0.14604408	-0.14800698	0.124785125	0.19296041	0.14609985	0.19803503	0.10931097	0.17111325	0.17043595	-0.15557462	-0.17213993	0.11633104	0.16350456	0.15688561
-0.1378348	-0.27158824	-0.18159159	0.1734796	-0.19864747	-0.23170008	-0.23053403	-0.20272537	-0.23992912	-0.1775948	-0.23348068	0.2255749	0.24050504	-0.17732796	-0.14878893	-0.2275329
0.17547879	0.18175478	0.23354444	-0.22252518	0.17432515	0.23374489	0.22124112	0.20586237	0.1590572	0.19469008	0.23288268	-0.18046911	-0.25606647	0.22259833	0.1528008	0.17021763
0.14933375	0.1329677	0.12936686	-0.15367562	0.15298975	0.11427001	0.12775819	0.10854044	0.15521573	0.11189633	0.13637276	-0.17666285	-0.18782628	0.1096638	0.20397502	0.11668937
0.35020813	0.44820687	0.34322637	-0.36729684	0.38172823	0.36238754	0.31012514	0.36125392	0.36190894	0.28252944	0.38683182	-0.325684	-0.35811266	0.41443533	0.30719888	0.39284825
0.2792931	0.33499488	0.32066402	-0.3382802	0.38191068	0.3979273	0.31778926	0.308132	0.32059157	0.3286334	0.35774672	-0.3186858	-0.39964134	0.32296622	0.35917404	0.31882012
0.19596367	0.114458345	0.13269791	-0.15594119	0.1530976	0.20526043	0.17479329	0.17640361	0.19281198	0.14238462	0.17829937	-0.1434068	-0.13735312	0.15709843	0.17656988	0.1677107
-0.31228247	-0.43779394	-0.42576113	0.35544252	-0.42699674	-0.38810104	-0.34866795	-0.44313738	-0.40523848	-0.27009448	-0.35273933	0.40846625	0.44417837	-0.42800125	-0.3375062	-0.39880583
-0.30258265	-0.3677661	-0.39412388	0.30054104	-0.3608422	-0.3732885	-0.3973919	-0.39251393	-0.3468138	-0.33563942	-0.39739478	0.31189755	0.44459304	-0.33001986	-0.3720049	-0.38438725
0.05023264	0.014809774	0.07566123	-0.070934825	0.043964908	0.08433728	0.044729322	0.025180463	0.054429453	0.074687175	0.08310069	-0.011722583	-0.09671231	0.07907551	0.045964878	0.07094715
0.03135769	0.0026492472	0.030320592	-0.0005619973	0.032270033	-0.0328184	-0.004335547	-0.035627138	-0.0032269333	0.04886008	-0.040211003	-0.010773189	0.02307752	0.02704924	0.032509055	0.042966854
-0.4940545	-0.6357401	-0.5206471	0.5933497	-0.5607313	-0.5986359	-0.5656752	-0.61986953	-0.6361799	-0.42011005	-0.56024534	0.55336636	0.7164029	-0.6300681	-0.4840556	-0.5848607
0.011459947	-0.08365195	-0.011769937	0.03126967	-0.08042074	-0.112883076	-0.018955834	-0.096578434	-0.089865744	0.023588823	-0.04947085	0.06274259	0.110305876	-0.06461631	-0.025960341	-0.044569507
0.18790168	0.18248211	0.22687712	-0.23591441	0.2665043	0.24435505	0.23603177	0.17216296	0.2051359	0.1653553	0.22629574	-0.15275551	-0.259319	0.16538098	0.16802004	0.23627819
-0.4513755	-0.57087505	-0.47977284	0.5323174	-0.48522964	-0.5725338	-0.5358735	-0.55416113	-0.55574906	-0.395353	-0.49329138	0.50067484	0.54934466	-0.53219813	-0.4651371	-0.5377058
0.36546895	0.3814136	0.3777997	-0.31410944	0.35750896	0.3581734	0.36263695	0.3004649	0.30390665	0.3024351	0.30773795	-0.3517349	-0.4064591	0.31533712	0.33669713	0.35547248
0.22903144	0.31633052	0.29971203	-0.24201299	0.3040797	0.3495394	0.26896173	0.28739318	0.35711113	0.21302304	0.30100608	-0.32426718	-0.38059	0.34593275	0.30325532	0.30538929
-0.04223836	-0.14346384	-0.12949435	0.07623546	-0.11736243	-0.15477216	-0.07388461	-0.16117379	-0.16604032	-0.036947835	-0.16045961	0.1018447	0.1334002	-0.13754599	-0.110115305	-0.12419625
-0.58289695	-0.7652357	-0.62155926	0.6624677	-0.6985139	-0.7197354	-0.6804503	-0.66301507	-0.724061	-0.5354936	-0.69927615	0.6303982	0.7336319	-0.6841462	-0.56785256	-0.62318456
-0.26979572	-0.42801434	-0.30158752	0.3172693	-0.3869365	-0.35800615	-0.33141336	-0.41339928	-0.3844747	-0.20973168	-0.346428	0.33444974	0.46953136	-0.41163924	-0.30133846	-0.3346777
-0.3735208	-0.45997307	-0.3756022	0.4160595	-0.41747177	-0.4545682	-0.43844408	-0.35947713	-0.3953145	-0.31818146	-0.3777735	0.32239342	0.43692577	-0.39561704	-0.36393502	-0.42303702
-0.4956017	-0.66328824	-0.6192662	0.6179578	-0.59148264	-0.61972827	-0.6485288	-0.63215053	-0.60556316	-0.4660576	-0.5688797	0.5687436	0.6746181	-0.5918083	-0.52564824	-0.5750151
-0.1812393	-0.26235136	-0.20701002	0.2317905	-0.25134966	-0.27858746	-0.2067442	-0.22399256	-0.22120592	-0.16473901	-0.20041274	0.16765484	0.25211892	-0.24731652	-0.23127557	-0.24151742
-0.18336931	-0.27727082	-0.17852242	0.21863121	-0.16051868	-0.22753982	-0.2005575	-0.17574778	-0.23978642	-0.17482424	-0.171368	0.19680671	0.2370002	-0.17078629	-0.19867481	-0.19583975
-0.32867745	-0.5683029	-0.47436488	0.44235775	-0.45306712	-0.5347219	-0.45734495	-0.46469074	-0.5151591	-0.29507264	-0.4844825	0.40668973	0.5335956	-0.4512988	-0.43101245	-0.4578104
-0.05420404	-0.06572145	-0.023723437	0.035063993	-0.039165795	0.017138848	-0.0067866864	-0.007395549	-0.042017613	-0.016764829	-0.0036193887	0.03624727	-0.024967104	0.027556062	0.0057940586	-0.018906979
-0.22599433	-0.38584864	-0.23680396	0.27436507	-0.30475384	-0.33808136	-0.29932147	-0.276932	-0.31023547	-0.19110116	-0.27355406	0.23511635	0.38098037	-0.31935647	-0.24648507	-0.32601014
-0.2856814	-0.32342649	-0.25877562	0.27382067	-0.25984082	-0.34065646	-0.2824006	-0.25676566	-0.29516628	-0.27698582	-0.23106006	0.18707274	0.26071733	-0.3068524	-0.22143744	-0.21485741
-0.5736045	-0.7362636	-0.63870764	0.6962946	-0.7034068	-0.6777855	-0.6244041	-0.68437505	-0.71740043	-0.57808274	-0.63925695	0.65612483	0.7088806	-0.63408035	-0.6495411	-0.68068075
0.19617793	0.26490918	0.22192143	-0.22058974	0.26896384	0.2324511	0.20832783	0.20058978	0.24824259	0.16330504	0.23682877	-0.18950474	-0.23207241	0.20621692	0.20521733	0.24065328
0.12309914	0.07750014	0.09260726	-0.11461264	0.14704832	0.0951607	0.0774041	0.11441078	0.053279895	0.12525725	0.055118717	-0.07819593	-0.08123332	0.040674318	0.060517844	0.054542337
-0.08950394	-0.15459427	-0.17528917	0.10869892	-0.14507133	-0.11422143	-0.12044804	-0.13569304	-0.14480686	-0.0877563	-0.18375897	0.07685899	0.11928607	-0.12754954	-0.15032269	-0.17468412
0.30819914	0.2845149	0.26523075	-0.24183607	0.2770895	0.31320077	0.30907387	0.310582	0.2915822	0.20348233	0.2761483	-0.256203	-0.283109	0.22625932	0.22746895	0.23347609
-0.07296815	-0.10259337	-0.06760563	0.13260446	-0.13312878	-0.12761837	-0.13606714	-0.0927172	-0.07310626	-0.044872865	-0.15757343	0.13083117	0.1629302	-0.09198627	-0.114661515	-0.12309937
0.11794245	0.10203558	0.06080584	-0.11162727	0.12380239	0.056430325	0.059563473	0.058297724	0.05580697	0.121712685	0.07886422	-0.06272783	-0.09041183	0.05545716	0.12012709	0.09433168
0.3019059	0.24060336	0.2641361	-0.30148926	0.26032144	0.25929075	0.2665511	0.308715	0.31110406	0.2673741	0.2718857	-0.24418011	-0.3044772	0.31966266	0.23471643	0.2500992
-0.023450581	-0.07566068	-0.015545978	0.002401274	0.0026774805	-0.093994714	-0.07757481	-0.06176399	-0.08189333	0.0022910188	-0.056930013	0.05746308	0.055810753	-0.0971975	-0.09345292	-0.08079025
-0.048747655	-0.16239941	-0.11504847	0.07912743	-0.1109441	-0.13372	-0.09106338	-0.19212577	-0.20333622	-0.035912227	-0.1416398	0.14978111	0.19213544	-0.15905613	-0.073695384	-0.16954921
-0.45412347	-0.5245694	-0.44280836	0.43922597	-0.4435325	-0.5823728	-0.48523465	-0.52461886	-0.49629062	-0.4325682	-0.5190977	0.4370857	0.58318466	-0.5516499	-0.42282945	-0.49747655
-0.071459636	-0.06220537	-0.026289303	0.06279177	-0.090022914	-0.08044116	-0.019442271	-0.048029732	-0.078778386	0.018774558	-0.015589134	0.060585786	0.09129845	-0.10149755	-0.02870198	-0.029863382
-0.03527833	-0.03708529	-0.015260357	0.064297915	-0.062482078	-0.020567443	-0.026540706	-0.0639268	-0.04575234	-0.08026847	-0.048384797	0.032871373	0.10529021	-0.07805327	-0.03335204	-0.044830553
0.0027017535	-0.029875409	-0.034358826	0.018731758	0.025970312	-0.04640108	0.0296961	-0.017082028	-0.026698735	0.036188606	0.036280368	-0.03369236	0.0004092881	0.021459067	0.022840269	-0.017645631
-0.07460296	-0.05762222	-0.03124581	0.02453662	-0.019777644	-0.110729724	-0.081557035	-0.06916256	-0.118497536	-0.025249843	-0.109565966	0.072738834	0.14009783	-0.043540195	-0.08624368	-0.1190427
0.2003681	0.2987061	0.18960366	-0.20694745	0.22025563	0.2615357	0.21089004	0.23120724	0.29114875	0.2015012	0.24244872	-0.20592843	-0.27342737	0.24458198	0.2569575	0.18945412
0.039738566	0.08273737	0.11135708	-0.09454627	0.077437416	0.023516767	0.08917416	0.07531279	0.09351993	0.108790904	0.06691085	-0.097876616	-0.02617608	0.032418486	0.08278117	0.0440743
0.14843106	0.24450497	0.18089326	-0.17886308	0.14276476	0.23775169	0.20129012	0.21933275	0.22002126	0.13240573	0.20739539	-0.14760503	-0.16858064	0.17845093	0.17453201	0.12878801
-0.02332026	-0.059529833	-0.038939588	0.0026031996	-0.03148358	-0.040612582	-0.033160746	-0.12383716	-0.11757135	0.024542788	-0.06774433	0.03441083	0.10267007	-0.06956767	-0.08570658	-0.109565035
0.038432326	-0.0031069198	0.022112327	0.02756177	0.07153533	-0.024506148	0.03992474	-0.024468727	-0.039154664	0.007872208	-0.0020304425	0.013458868	-0.024527978	-0.019234119	-0.023866668	0.050184
0.43674466	0.44848633	0.42569563	-0.38536173	0.41097513	0.44510916	0.38915417	0.44613644	0.38181022	0.32215968	0.36952248	-0.37196136	-0.43367273	0.4158281	0.34740207	0.41514838
-0.22318777	-0.3422471	-0.30465692	0.23216389	-0.24037077	-0.30339733	-0.25730526	-0.26405635	-0.2620348	-0.17974396	-0.28620517	0.22983283	0.31712902	-0.25822064	-0.29281336	-0.28545415
0.6353024	0.6980501	0.647403	-0.618514	0.6819496	0.7161737	0.6814002	0.6261913	0.6700985	0.55982214	0.64498496	-0.62314516	-0.7676445	0.7285405	0.5818252	0.62697005
0.38806278	0.46605477	0.36498666	-0.43400645	0.3967369	0.47284746	0.45317036	0.41915414	0.4299684	0.31758487	0.3822851	-0.37513208	-0.43369845	0.4644037	0.35822982	0.37233466
-0.10087333	-0.16847734	-0.10710549	0.12478111	-0.11800336	-0.14992853	-0.16086812	-0.11970198	-0.14251448	-0.05198441	-0.13916911	0.1413989	0.18065834	-0.17934911	-0.084549166	-0.098191194
-0.08015267	-0.0673746	-0.07923589	0.09274694	-0.06305063	-0.062455744	-0.13691446	-0.088915646	-0.0890251	-0.09159949	-0.06745344	0.12185226	0.0033952119	-0.11056463	-0.12140778	-0.08030697
-0.38499445	-0.47149864	-0.36394593	0.40364859	-0.43902147	-0.45101583	-0.4421919	-0.4282113	-0.42895302	-0.32339674	-0.36957058	0.3478339	0.5067657	-0.42968035	-0.40651017	-0.42280287
0.022002596	-0.05075	0.008033952	-0.015896413	-0.05751256	-0.019686313	-0.067444384	-0.04881609	-0.02488331	-0.0019891642	0.008984071	-0.023950597	-0.01644736	0.025963305	-0.0023681724	0.021066686
0.04826465	0.056055218	0.032403935	-0.07575216	0.14001806	0.074426554	0.07132421	0.038756367	0.118838765	0.052425105	0.11684261	-0.041166134	-0.061293952	0.12103469	0.08535538	0.10669186
-0.5637426	-0.7125795	-0.63679194	0.6053356	-0.60457087	-0.67478544	-0.59301853	-0.66413546	-0.710496	-0.55172765	-0.57142407	0.5695783	0.7296182	-0.68168485	-0.6102672	-0.59415066
-0.33115095	-0.4446951	-0.42395264	0.38064095	-0.36483616	-0.4090646	-0.37709808	-0.37089786	-0.38810387	-0.3103027	-0.33909166	0.4035431	0.4462938	-0.42516422	-0.35913023	-0.42250675
-0.48851463	-0.58220917	-0.5250813	0.4881388	-0.5190743	-0.6110041	-0.5147273	-0.53291005	-0.5750769	-0.38552567	-0.4997995	0.5274121	0.61832476	-0.5555095	-0.47726473	-0.5057585
-0.30179524	-0.44347098	-0.30271697	0.36945653	-0.36668652	-0.35559788	-0.36789882	-0.32415724	-0.41277617	-0.26038355	-0.34548464	0.34485647	0.38209248	-0.36501157	-0.3324198	-0.40229672
0.2865477	0.24592476	0.25144425	-0.31562662	0.29706547	0.23973545	0.3155638	0.24057654	0.23230803	0.21532749	0.25539	-0.23089162	-0.2610194	0.28313836	0.2582562	0.21392769
0.5925752	0.6499841	0.63601536	-0.62971133	0.6688546	0.6602999	0.63719296	0.65823483	0.6984632	0.56172884	0.60323954	-0.58547366	-0.6913775	0.6397913	0.61973727	0.6168545
-0.2817154	-0.37980813	-0.31729454	0.310539	-0.284117	-0.33053216	-0.26195136	-0.36214462	-0.30083606	-0.23145717	-0.26225844	0.29522294	0.31797013	-0.34519684	-0.25996214	-0.28591487
-0.5017281	-0.63476044	-0.5696333	0.59371316	-0.5732492	-0.5718127	-0.52923894	-0.542151	-0.5788476	-0.48232022	-0.60441667	0.49028128	0.682145	-0.5591541	-0.5559366	-0.55273867
0.08885682	0.1758871	0.20327786	-0.13944088	0.17785084	0.18457456	0.13698061	0.20624533	0.16195036	0.11191353	0.21734945	-0.2189277	-0.2650678	0.23335193	0.16935056	0.2175359
-0.6055823	-0.7291258	-0.61933947	0.6361136	-0.61642396	-0.7155935	-0.618612	-0.63487655	-0.67861533	-0.57377625	-0.659882	0.5645782	0.7370812	-0.69224197	-0.64556336	-0.6621338
-0.54056865	-0.6344255	-0.5966261	0.5750682	-0.6310605	-0.6415946	-0.5611387	-0.6234589	-0.6738477	-0.5127548	-0.62235385	0.53228664	0.6205782	-0.5977523	-0.52086574	-0.6056424
0.24128938	0.19858924	0.1861994	-0.17650613	0.25596446	0.21266541	0.17043523	0.19799009	0.2253272	0.20079924	0.16485949	-0.21579064	-0.17956156	0.2187055	0.18345177	0.15250029
-0.19875857	-0.24898416	-0.21896932	0.21207887	-0.20428115	-0.21387541	-0.19598527	-0.24197458	-0.20267381	-0.18392955	-0.184862	0.15642369	0.22570027	-0.16934156	-0.15564044	-0.20159425
-0.19156924	-0.14707656	-0.19967812	0.15949652	-0.16473621	-0.19989555	-0.14394648	-0.15020092	-0.13348974	-0.11138972	-0.1935923	0.17837791	0.21412767	-0.15816723	-0.13153803	-0.20141688
0.019152606	0.06649335	0.007589332	-0.0788686	0.03049473	0.0064852447	0.08959937	0.0072101885	0.023538228	0.034771185	0.06985472	-0.09119587	-0.08458282	0.056103624	0.022263018	0.048310477
0.14004949	0.14591219	0.15735543	-0.10941084	0.119593516	0.1655704	0.19416	0.13321446	0.18354475	0.15809976	0.10096171	-0.11029003	-0.094078675	0.1770779	0.19052401	0.17273328
0.26867062	0.32844058	0.32136318	-0.31512552	0.2950373	0.32676038	0.27520254	0.29514807	0.27730343	0.2606313	0.26035932	-0.3173231	-0.33424988	0.27548584	0.26274556	0.26928014
0.037044935	0.016266571	-0.029079614	0.010438241	-0.043213136	-0.037053846	0.03702237	0.007948878	0.010683437	-0.02754477	-0.036412425	0.039756544	-0.014386183	0.029116565	-0.02972897	-0.005890251
-0.40189293	-0.5881644	-0.45088255	0.48514247	-0.49573028	-0.51060855	-0.5123508	-0.50097305	-0.53003734	-0.40114966	-0.5109661	0.49224168	0.5595486	-0.48911452	-0.47511026	-0.4695957
0.046457592	0.048478242	0.037232876	-0.032078903	0.09925056	0.07707349	0.06274223	0.051515978	0.07526921	0.07250796	0.04443299	-0.0360955	-0.009841978	0.011802903	-0.0070418874	0.08100739
0.2226095	0.21020481	0.25692034	-0.20418042	0.28532508	0.23118061	0.22629574	0.24152632	0.2031009	0.22950746	0.2045539	-0.23607986	-0.24972044	0.22408327	0.18520586	0.1593964
0.56249064	0.5797738	0.49616036	-0.5390942	0.551442	0.5796084	0.5745822	0.5081959	0.5927495	0.53641486	0.5512317	-0.55495644	-0.6555911	0.55637133	0.49414366	0.58099455
0.19341536	0.24561106	0.24390152	-0.23394765	0.24095385	0.24214475	0.22401862	0.25246146	0.22947343	0.21800032	0.21021754	-0.18834643	-0.25759336	0.24566604	0.25656644	0.23271956
0.20102704	0.032139085	0.13845435	-0.105507515	0.16532578	0.012711002	0.17763692	0.0832452	0.054732274	0.18109013	0.07027439	-0.061413497	-0.08851492	0.10116443	0.14204587	0.08403093
-0.15273376	-0.21221897	-0.15894496	0.10070489	-0.13039248	-0.18774252	-0.12653627	-0.17461687	-0.186472	-0.13391584	-0.102444276	0.10604528	0.19124998	-0.12421959	-0.17696218	-0.2001789
-0.05961739	0.008430319	0.004466946	0.021851037	-0.009662737	-0.043929685	-0.041197542	0.016668944	0.025264766	0.00079621014	-0.02488377	0.04381106	0.030726805	-0.06719382	0.021150794	-0.056353517
0.24435167	0.24094315	0.18483078	-0.22880961	0.16937406	0.2080206	0.24442616	0.2304212	0.24286664	0.18934669	0.23006983	-0.23412229	-0.26045173	0.17132545	0.20227921	0.18614176
-0.55632925	-0.60639566	-0.5842567	0.60460705	-0.57394886	-0.59836817	-0.56829154	-0.61524975	-0.5906182	-0.493841	-0.5733249	0.52195704	0.7099973	-0.5527411	-0.48645115	-0.6164724
-0.12146946	-0.28530315	-0.24534635	0.25362054	-0.2457501	-0.24330135	-0.19493385	-0.285799	-0.26323107	-0.13409896	-0.22315276	0.19243652	0.29459438	-0.19389024	-0.21097687	-0.26428118
-0.38757688	-0.4813801	-0.3972984	0.42018712	-0.36385003	-0.4554074	-0.45174623	-0.47852823	-0.48994318	-0.3011399	-0.40650472	0.4424758	0.42232338	-0.41264486	-0.36629325	-0.38349164
-0.19705981	-0.38129357	-0.32245505	0.32096112	-0.32368687	-0.38725275	-0.30820078	-0.36999288	-0.32762203	-0.14865968	-0.34956622	0.24481113	0.40300316	-0.4023525	-0.26938197	-0.33326775
-0.1753969	-0.27440876	-0.17696775	0.22768377	-0.18323767	-0.2876823	-0.23466663	-0.26318488	-0.22212695	-0.10396786	-0.21470736	0.18663502	0.24653275	-0.22465469	-0.21589799	-0.20155048
-0.42080626	-0.5075384	-0.44654414	0.4540633	-0.4935046	-0.5682035	-0.5038915	-0.47438923	-0.5643054	-0.42716476	-0.46553752	0.42331108	0.5702872	-0.52477986	-0.43677524	-0.43808413
-0.0059784395	-0.025769593	0.04429904	-0.03192759	-0.0005024964	0.04198142	0.043848407	0.053372256	0.003971871	0.05287681	0.010001546	-0.0025914074	0.025644056	-0.014742633	0.050088804	0.0059890416
0.44636738	0.51088893	0.5052602	-0.5120736	0.4631076	0.53679746	0.5009291	0.524385	0.50047094	0.37265486	0.4755948	-0.40953806	-0.545146	0.49846578	0.42657456	0.4315669
0.1008883	0.14205419	0.100317046	-0.10891271	0.14882594	0.08584547	0.1367212	0.11673116	0.11622762	0.13922715	0.13110541	-0.121542	-0.14041081	0.14781013	0.12776378	0.07081232
0.07397434	0.12744406	0.05205944	-0.084465005	0.0913554	0.08934666	0.117733225	0.101036794	0.07410721	0.06959193	0.07460217	-0.08261705	-0.12268207	0.11027578	0.13475727	0.123408556
0.5601964	0.6033502	0.5301737	-0.5559962	0.57995635	0.58718586	0.55972993	0.60382605	0.5633943	0.42757374	0.54440045	-0.50152063	-0.65190166	0.59270716	0.51897424	0.4918236
0.21916805	0.18148346	0.16336447	-0.22255501	0.25315967	0.18248731	0.19224942	0.20782594	0.22906177	0.17867821	0.20094207	-0.16229947	-0.23671506	0.17975457	0.22971101	0.16781585
0.08899906	0.006443752	-0.025262067	0.026929798	0.06552853	-0.0638964	0.017052857	-0.061604265	0.038144663	0.082708076	-0.002024399	-0.016213294	0.0150339585	-0.035376135	0.010536412	0.033544455
-0.3072345	-0.44612646	-0.32078287	0.3426211	-0.39459163	-0.42098963	-0.34229136	-0.4237171	-0.37129945	-0.2649116	-0.4030554	0.35067993	0.41242543	-0.36068857	-0.38725656	-0.38825044
-0.5607482	-0.5651707	-0.4943768	0.5383235	-0.59760803	-0.61997503	-0.5638916	-0.59019834	-0.5549942	-0.487457	-0.5511365	0.5618242	0.6640017	-0.5429978	-0.5307535	-0.5021498
0.6305407	0.6986609	0.6046776	-0.68597645	0.66121095	0.70699215	0.6380298	0.6499484	0.7026071	0.5734627	0.5938306	-0.63797194	-0.7595177	0.67331326	0.6572358	0.64191884
-0.16949877	-0.1990008	-0.19338796	0.16887973	-0.20350963	-0.18252866	-0.16835184	-0.21197377	-0.20130578	-0.19186988	-0.23764561	0.15082298	0.19913436	-0.21744557	-0.22090432	-0.19517024
0.60061383	0.7472822	0.5929799	-0.6232464	0.63831943	0.6909334	0.6544992	0.6586577	0.7119458	0.5729462	0.634659	-0.6552813	-0.7271512	0.7127904	0.6266254	0.6041289
0.6108819	0.68027073	0.6430299	-0.64511555	0.64836526	0.69133115	0.632546	0.66515285	0.7197552	0.60664624	0.66106164	-0.6069816	-0.7742241	0.66980463	0.6829797	0.7056449
0.49440074	0.61527824	0.57368374	-0.52311134	0.58527744	0.55944806	0.52308095	0.6185695	0.60518897	0.52154106	0.5562961	-0.51515394	-0.5882292	0.53834486	0.5367119	0.56794983
-0.3486464	-0.39312157	-0.27548316	0.27751788	-0.33054888	-0.34917155	-0.31613067	-0.33764923	-0.3509329	-0.24531862	-0.35799325	0.29837304	0.3964431	-0.31392506	-0.35850915	-0.36145228
0.13822858	0.18560146	0.09059413	-0.17429501	0.11183519	0.12730032	0.17448583	0.179511	0.13642053	0.14681053	0.13247424	-0.15314998	-0.17112899	0.13259888	0.1280586	0.082268305
-0.14691062	-0.1035985	-0.11986067	0.12250593	-0.13169824	-0.10230518	-0.07295165	-0.118450336	-0.13645309	-0.10242645	-0.13460313	0.13567084	0.112926364	-0.08344885	-0.053715203	-0.060086757
-0.13936323	-0.19466376	-0.18607005	0.21551494	-0.22982	-0.15904872	-0.14856675	-0.19163819	-0.19381946	-0.17170726	-0.14981969	0.123428896	0.18686084	-0.20852278	-0.1986113	-0.16694166
0.11597465	0.10940585	0.09790559	-0.16299383	0.17509054	0.09152169	0.14031391	0.10276241	0.14680761	0.08281034	0.12519868	-0.13033727	-0.112234674	0.15086602	0.09084275	0.13982381
-0.6228774	-0.68794984	-0.6209764	0.67785394	-0.63805073	-0.6476011	-0.62229466	-0.6215588	-0.63921	-0.55333966	-0.65520495	0.636484	0.72278327	-0.7068155	-0.6173025	-0.6701456
-0.028980728	-0.07559251	-0.05226955	0.070185736	-0.10300646	-0.07639185	-0.0865645	-0.15286414	-0.13087797	-0.10136317	-0.08284197	0.09066432	0.13807134	-0.068219304	-0.053376205	-0.057964683
0.12382998	0.012012187	0.05826897	-0.075462155	0.08709475	-0.022439199	0.09991899	0.026454391	0.06862766	0.054533616	0.040357072	-0.045037698	-0.06851367	0.07185718	0.06634903	0.034307744
0.16552134	0.15486524	0.12670203	-0.18126787	0.18515632	0.16966675	0.15850317	0.18402845	0.21852726	0.13410379	0.17056589	-0.1360479	-0.21752186	0.13609661	0.207447	0.1859884
-0.21763138	-0.32780048	-0.2947484	0.27163693	-0.23256396	-0.28599158	-0.25661248	-0.3322644	-0.28520086	-0.14780954	-0.32399625	0.30826372	0.3691345	-0.34703302	-0.2096054	-0.3311086
-0.49996793	-0.60968596	-0.59338915	0.6020733	-0.5747121	-0.60416114	-0.59920996	-0.5577172	-0.6497503	-0.4687311	-0.6148378	0.5539852	0.715014	-0.58118236	-0.5607	-0.5915849
0.14103508	0.086716324	0.054453246	-0.15444769	0.12325818	0.1037765	0.09103447	0.14499703	0.09082685	0.12170687	0.115651555	-0.061058544	-0.097793564	0.08372286	0.062674664	0.05407991
-0.29424068	-0.34615192	-0.29460788	0.30999663	-0.30960226	-0.37830472	-0.32738194	-0.3486336	-0.3383924	-0.24671987	-0.2934633	0.32821926	0.42237347	-0.3635979	-0.30672976	-0.32873493
-0.6249546	-0.7040603	-0.5723859	0.6027295	-0.6545896	-0.669968	-0.63800055	-0.60313576	-0.61146975	-0.5137055	-0.58646005	0.5576665	0.6492859	-0.66801023	-0.6001465	-0.59228396
-0.36021805	-0.39379913	-0.34963542	0.35774636	-0.32492128	-0.30893224	-0.3100205	-0.31138414	-0.35546365	-0.3228413	-0.31139186	0.29732263	0.39927968	-0.386166	-0.3410048	-0.29003167
-0.38158402	-0.5776681	-0.46211958	0.48346028	-0.42201895	-0.49341026	-0.4751996	-0.536381	-0.5291014	-0.38570288	-0.50756603	0.41566506	0.5072307	-0.46622714	-0.45145157	-0.45049244
0.3059412	0.27590686	0.22756556	-0.30424884	0.28036973	0.22164075	0.2987628	0.25396404	0.30816323	0.26462623	0.27268356	-0.19729245	-0.34038404	0.301303	0.22101793	0.28152233
0.09106632	0.18129073	0.14586973	-0.122229524	0.13628565	0.14557025	0.18004298	0.20678201	0.16402541	0.09798318	0.22709782	-0.21502623	-0.23909241	0.19626656	0.10224247	0.22592725
0.22948487	0.14026332	0.12022933	-0.11821621	0.20556895	0.15129274	0.20168144	0.15902029	0.13378279	0.20717385	0.13956045	-0.12877603	-0.17203583	0.19969653	0.21635169	0.15162094
0.3351858	0.3935245	0.31811288	-0.41208777	0.4277081	0.36316517	0.3292296	0.40060982	0.31761065	0.29085574	0.31460625	-0.2798523	-0.35400537	0.34065402	0.28911456	0.34062058
0.57484186	0.63382274	0.48360556	-0.58589095	0.59597355	0.56028354	0.5954411	0.5668331	0.5882507	0.50823975	0.56448764	-0.4987264	-0.63138855	0.5797205	0.47236302	0.5814024
0.58351815	0.6292136	0.5297739	-0.550843	0.584439	0.6444568	0.58712244	0.6059245	0.63082594	0.5328517	0.5155107	-0.5315642	-0.6410357	0.6343908	0.548122	0.5564445
0.44769213	0.5090024	0.44774744	-0.4737178	0.4782621	0.50236094	0.47328264	0.47545025	0.4232024	0.4278109	0.4420318	-0.3881572	-0.4623094	0.48492506	0.44049788	0.4347505
0.19059283	0.18108194	0.2152343	-0.22260706	0.22000588	0.14324984	0.1599	0.15716906	0.14052714	0.14059825	0.18969482	-0.113238454	-0.1538284	0.2038098	0.17187534	0.16283877
0.3923158	0.3673082	0.38051137	-0.37148082	0.34240478	0.36518413	0.32401577	0.36918932	0.33895725	0.3264837	0.38560387	-0.30985072	-0.44278753	0.40282953	0.30112994	0.39463878
0.2355051	0.2695523	0.22798708	-0.29420477	0.24182498	0.31971756	0.23924972	0.21571058	0.22057994	0.2309013	0.20106836	-0.19038998	-0.24154505	0.21481228	0.26403907	0.25129086
-0.24265264	-0.2766281	-0.2545523	0.29468152	-0.2915201	-0.33169958	-0.26035953	-0.32199135	-0.3321194	-0.22578166	-0.22949313	0.25945696	0.3498694	-0.31909224	-0.26753685	-0.31775504
0.13451685	0.11946227	0.12689973	-0.1633723	0.18809313	0.19195445	0.13205393	0.17145754	0.18236865	0.124544725	0.15900877	-0.14070614	-0.20403592	0.12627268	0.17632265	0.12236687
0.20772032	0.23138276	0.17045784	-0.22281861	0.24375983	0.24850799	0.23171379	0.2671675	0.2795809	0.15420999	0.24924305	-0.18951365	-0.22440985	0.2289298	0.23272033	0.20951936
0.47866297	0.47432104	0.39721024	-0.4848653	0.47943538	0.4747979	0.41034466	0.46557182	0.5028785	0.38246545	0.42288208	-0.36204696	-0.56146646	0.47531363	0.39776784	0.37919638
-0.055090807	-0.14310731	-0.0984186	0.08824423	-0.11819613	-0.0981253	-0.088024385	-0.15527356	-0.103272885	-0.073977105	-0.13925804	0.097118795	0.17647234	-0.13601273	-0.16071752	-0.14734443
0.31722003	0.40314665	0.2842522	-0.30643496	0.3611404	0.32686865	0.31838962	0.3175312	0.31466955	0.23872277	0.34742692	-0.25868186	-0.35351077	0.38205504	0.26555488	0.33667958
0.030590719	0.08895101	0.05256904	-0.110366285	0.08083781	0.072381854	0.11349275	0.037307747	0.04125268	0.09267037	0.11588117	-0.049109872	-0.09496383	0.05409996	0.111933894	0.088609606
-0.26704386	-0.21421692	-0.17795795	0.24887748	-0.28889135	-0.215749	-0.23722942	-0.19840558	-0.17183407	-0.23396967	-0.22046554	0.2220881	0.23377605	-0.18354155	-0.24936283	-0.21158198
0.25762486	0.29498914	0.2749422	-0.27260327	0.24349935	0.2300216	0.28877667	0.21484937	0.22706753	0.20425019	0.2369994	-0.19208857	-0.24442096	0.21059465	0.25488332	0.27828172
0.108905055	0.14125331	0.10902666	-0.09465566	0.10414696	0.06333811	0.14327228	0.077047735	0.09273946	0.13134594	0.12939031	-0.06809771	-0.11090793	0.10238912	0.17445591	0.13394533
0.01814743	0.012311744	0.0159567	-0.0070147067	-0.04269498	-0.019804893	-0.0288059	-0.0377368	-0.020122845	-0.06445596	0.0027570606	0.034585543	0.030119315	-0.06320479	0.014950337	0.020463454
0.016247662	0.0616917	0.038872756	-0.053531855	0.06509674	-0.004936068	0.029288998	0.06414463	-0.023093624	0.010039339	0.0027656953	-0.04150731	-0.023556562	0.0677116	0.012475444	-0.0212984
-0.23305732	-0.15723093	-0.19072208	0.19127378	-0.14550547	-0.18119335	-0.20197776	-0.12965807	-0.16245559	-0.17137033	-0.09141643	0.1358571	0.10462775	-0.16669948	-0.20405768	-0.111374654
0.22876342	0.25357133	0.1933027	-0.24197966	0.26909667	0.31160456	0.25327036	0.2043835	0.2818137	0.24538499	0.24502486	-0.2626041	-0.24080643	0.28524762	0.19239561	0.2818248
0.036952794	-0.13869211	-0.017020259	0.045120887	-0.023890613	-0.064621314	-0.03902371	-0.060248643	-0.05036472	-0.0071646394	-0.110703655	0.10631237	0.10441676	-0.03518186	-0.009288135	-0.07550734
0.27892783	0.26346442	0.3130465	-0.3020978	0.27681196	0.24594668	0.3068728	0.23643619	0.24420398	0.27769276	0.28382802	-0.26741558	-0.29532874	0.25297463	0.24593471	0.30164656
0.56184655	0.68634635	0.54633754	-0.5839322	0.63376635	0.6004956	0.62343544	0.58626103	0.6172374	0.5440894	0.566777	-0.5284959	-0.7248127	0.61141443	0.5582012	0.5467853
-0.07170197	-0.11924132	-0.12986091	0.11389887	-0.05919132	-0.1313616	-0.113499984	-0.08160752	-0.1417374	-0.091723435	-0.11247152	0.11034283	0.11297772	-0.09229616	-0.14341117	-0.09785634
-0.2281168	-0.33463323	-0.24734595	0.2186973	-0.22663914	-0.31901014	-0.22141473	-0.23787704	-0.34140995	-0.1497738	-0.28908753	0.24546567	0.37754926	-0.32655644	-0.25129917	-0.22609062
0.5699855	0.6009178	0.53768516	-0.5888605	0.5268305	0.62091035	0.5710058	0.6204965	0.56563234	0.51759934	0.5620599	-0.47241843	-0.5947883	0.62814057	0.51812935	0.5552855
0.28777143	0.36617494	0.289468	-0.36103898	0.35695317	0.28900447	0.29394892	0.36038736	0.34713656	0.28185025	0.28315997	-0.25189388	-0.368104	0.33260125	0.24959189	0.2973283
0.13161089	0.100017644	0.057519805	-0.13929972	0.11457359	0.113522716	0.069664806	0.09410964	0.11876544	0.05655567	0.15011525	-0.059504934	-0.13298558	0.10946343	0.051167794	0.07862431
0.12507536	0.1925237	0.13278158	-0.20044142	0.16856505	0.15818378	0.18629505	0.19678265	0.14885099	0.13571726	0.16316953	-0.1659962	-0.18670599	0.19095041	0.12897725	0.16999015
-0.3622435	-0.46386755	-0.36174166	0.41372648	-0.35892725	-0.43792188	-0.3294426	-0.37139767	-0.432938	-0.35017303	-0.37596303	0.39605248	0.42269313	-0.35532132	-0.36971715	-0.32818854
-0.0057298434	0.009418741	0.04175051	-0.06013131	0.054962583	0.006749297	0.038860995	-0.023855567	-0.03343033	0.05065059	0.041842718	-0.01803755	-0.043566946	0.024736732	-0.034985084	0.03393552
0.0194693	-0.044988535	-0.020815995	-0.038662083	-0.038368035	0.036477342	-0.011818578	0.046457734	-0.015127799	-0.0007248581	-0.039391976	-0.04785133	-0.026923394	-0.03569041	0.040538486	-0.042602796
0.12090759	0.12344583	0.09476453	-0.1024519	0.11173221	0.14730911	0.17478186	0.14257732	0.16243444	0.11889187	0.15320301	-0.108703606	-0.15399948	0.097954586	0.16300432	0.1437036
0.04302278	0.08056431	0.10294567	-0.07040866	0.041932255	0.08612425	0.09414259	0.06774222	0.06256318	0.038034603	0.073489726	-0.08671651	-0.0918189	0.07459112	0.046850633	0.042386975
0.07983624	-0.004543053	0.08571063	-0.032304723	0.033790532	0.062086493	0.1004249	0.04776727	-0.00079106627	0.1034835	0.0525891	-0.015767246	-0.050259758	0.035825636	0.03454753	0.063160345
-0.17331202	-0.15881872	-0.11593983	0.12731613	-0.16373722	-0.18417473	-0.13244721	-0.12785955	-0.12943392	-0.11743689	-0.112829514	0.18807818	0.1911586	-0.10939979	-0.17296953	-0.19421391
-0.0898262	-0.03437202	-0.047309842	0.030034663	-0.0716474	-0.04482973	-0.070353545	-0.030163258	-0.049842767	-0.050761864	-0.084615454	0.072634965	0.11285115	-0.062309343	-0.046593	-0.1110212
0.5617388	0.6126594	0.5617422	-0.529078	0.59722984	0.5953886	0.5728879	0.5798325	0.59835654	0.4712568	0.5698954	-0.49187833	-0.6490322	0.5286761	0.475702	0.5314648
-0.08133705	-0.08624056	-0.058961168	0.04529889	-0.013167275	-0.0053758495	-0.034285404	-0.050742015	-0.02074943	-0.065221064	-0.019655488	0.0007616525	0.07034587	-0.06774342	-0.030918853	0.0019737473
0.3683612	0.40426564	0.30976003	-0.40468183	0.37072116	0.38196996	0.32845265	0.3539569	0.32465494	0.2728075	0.30222875	-0.32492322	-0.43380135	0.39856434	0.36601093	0.3396061
0.47313216	0.53813744	0.51678187	-0.5609906	0.5173889	0.5211818	0.5295789	0.5442594	0.5452638	0.49395424	0.5191861	-0.50933	-0.6119169	0.58664274	0.54587764	0.5494748
0.435311	0.49575698	0.45572728	-0.47368738	0.5284272	0.5031555	0.5417406	0.45685682	0.5595514	0.44988063	0.52267265	-0.4195429	-0.57811886	0.4940098	0.42049214	0.5191231
-0.4708565	-0.5231347	-0.44816378	0.47916803	-0.44694123	-0.48286924	-0.49200633	-0.5056598	-0.5546398	-0.43360275	-0.48609754	0.4296035	0.62374765	-0.55152816	-0.4396181	-0.4897232
-0.4764137	-0.57114923	-0.44578162	0.48783508	-0.47075012	-0.5509906	-0.46861926	-0.5118225	-0.5399454	-0.3382472	-0.48220104	0.421449	0.57320786	-0.53573096	-0.41297752	-0.4924635
-0.120361716	-0.2156709	-0.1461802	0.14020732	-0.1281264	-0.17025702	-0.21436352	-0.1599275	-0.23399274	-0.11715847	-0.22675242	0.16188656	0.20013466	-0.18886141	-0.15732788	-0.18177901
-0.294009	-0.18303524	-0.2573508	0.28744745	-0.29305235	-0.2107809	-0.29646102	-0.20267436	-0.20402367	-0.28981286	-0.2055865	0.25384554	0.22911555	-0.23627493	-0.254273	-0.18338628
-0.5337619	-0.60342026	-0.5407774	0.5997442	-0.6245358	-0.6241093	-0.57207555	-0.6097755	-0.6183078	-0.5290338	-0.6220874	0.5101537	0.6757802	-0.5809894	-0.49591935	-0.543155
-0.08620774	-0.021069815	-0.017126752	0.042237088	-0.044922687	-0.031399716	-0.034133576	-0.10334802	-0.09842809	-0.00793068	-0.071352415	0.04782308	0.057109814	-0.035476048	-0.036646307	-0.011181992
-0.3775543	-0.5311925	-0.43159068	0.44312352	-0.4436332	-0.48919314	-0.39594227	-0.42223865	-0.49022633	-0.23226479	-0.4273613	0.39419472	0.56020796	-0.40620744	-0.3606838	-0.4688246
0.023576673	0.043289755	0.03357614	-0.042906675	0.033815492	0.008847149	0.048603073	0.01590703	0.065421194	0.065965615	0.047222693	-0.056836586	-0.03292277	0.0041549625	0.044020515	0.0454003
0.32252744	0.3349656	0.2701484	-0.3023399	0.335788	0.2803828	0.35376176	0.27590236	0.32497883	0.24819613	0.2545846	-0.26458362	-0.29240054	0.28952947	0.27674985	0.25197527
0.3158624	0.27837035	0.31941622	-0.3531046	0.36820304	0.2872004	0.3116827	0.2912616	0.28195366	0.2568298	0.32466903	-0.28494057	-0.3275274	0.3059597	0.30400175	0.31396487
0.18414967	0.15940428	0.13743031	-0.22807184	0.18767849	0.15712062	0.13896245	0.17270388	0.2034953	0.13033418	0.22242984	-0.2189628	-0.18881035	0.19901365	0.18477196	0.19048366
-0.3067679	-0.32133663	-0.35969278	0.2718583	-0.3071829	-0.38452616	-0.3221814	-0.31523585	-0.3740704	-0.27938548	-0.28534004	0.27403095	0.34397888	-0.356279	-0.31356874	-0.30890656
-0.018177483	0.05432399	0.0019047833	-0.037281025	0.048021127	0.025723916	0.050284192	0.04378038	0.06694876	0.07934814	0.01805581	-0.08721588	-0.06560965	0.07967746	0.09452913	0.020618644
0.4831915	0.63869625	0.48157135	-0.5380195	0.52998984	0.55804986	0.4992896	0.57405275	0.53227437	0.46235037	0.54460084	-0.47110254	-0.60535014	0.5373234	0.5376571	0.5201716
-0.18014161	-0.27055043	-0.18675743	0.25456333	-0.22019492	-0.21116857	-0.203591	-0.20007683	-0.18133895	-0.15283069	-0.1873073	0.16450247	0.21057828	-0.19417186	-0.2171773	-0.24225889
-0.35666364	-0.37411463	-0.40231532	0.38134155	-0.4033574	-0.39817148	-0.3521881	-0.37030107	-0.4375689	-0.34755135	-0.35666478	0.31222174	0.4855247	-0.39545026	-0.36363834	-0.38696423
0.13667531	0.24111213	0.18820296	-0.20289706	0.23062946	0.222774	0.20610759	0.17523628	0.22751474	0.1302976	0.22346622	-0.18873064	-0.21560109	0.15952085	0.21073668	0.1718164
0.2562325	0.20321196	0.21966629	-0.19775671	0.23020013	0.25275615	0.2187156	0.2082519	0.18004452	0.19566086	0.21533702	-0.15851688	-0.25937802	0.22790137	0.16920952	0.18029183
0.023895653	-0.04613886	0.026661662	0.03223743	0.021663973	0.008798559	0.010442372	-0.074237764	-0.07490449	0.044785026	0.01440064	0.012314089	0.006414037	-0.011998318	0.03898306	0.0028391744
-0.46682885	-0.6075106	-0.55931693	0.5396695	-0.48998895	-0.5278077	-0.51545614	-0.52867043	-0.597986	-0.4529721	-0.47467348	0.49671167	0.61893255	-0.5534366	-0.5413638	-0.5308235
-0.105761826	-0.13874052	-0.075526364	0.07576471	-0.12624502	-0.14669701	-0.082046986	-0.11027693	-0.116245195	-0.06907564	-0.095898055	0.039126582	0.17029837	-0.09701011	-0.106481835	-0.08668814
-0.20164607	-0.2785228	-0.21030223	0.23143584	-0.20409192	-0.2393618	-0.2535351	-0.27705267	-0.29720017	-0.21604179	-0.23461938	0.2178381	0.31514287	-0.30739206	-0.19901045	-0.24459532
0.13050641	0.13912034	0.096540354	-0.16763422	0.13271567	0.17062995	0.17321154	0.15315863	0.13782391	0.1249843	0.12435877	-0.09268778	-0.14838696	0.122414306	0.16028759	0.09889654
0.109769806	0.16088364	0.16796161	-0.11630109	0.19018976	0.1299261	0.16853952	0.15377155	0.15333146	0.14966579	0.17185585	-0.17546529	-0.16604356	0.15332527	0.1768025	0.1388079
0.38951787	0.35227463	0.38448107	-0.35481527	0.38577065	0.3395001	0.34593794	0.31654364	0.3249165	0.26982376	0.3843269	-0.3092708	-0.34669653	0.32768115	0.3865732	0.35638455
0.5648773	0.66783154	0.54650384	-0.6192305	0.6254279	0.6070284	0.56831217	0.62145317	0.622547	0.4860813	0.6020367	-0.53395313	-0.6171269	0.62813306	0.5514791	0.5858073
-0.4634313	-0.58128756	-0.4822983	0.49501935	-0.53106266	-0.5582562	-0.52137816	-0.5704205	-0.5707691	-0.3292006	-0.46866056	0.45797095	0.5783056	-0.50368947	-0.4574327	-0.48921207
-0.0034096176	-0.08471896	-0.020742698	0.09076073	-0.11856464	-0.084906414	-0.08598591	-0.087603256	-0.05284132	-0.054559454	-0.0932502	0.09572934	-0.028973877	-0.095988445	-0.111509666	-0.027536914
-0.11077712	-0.18213335	-0.19554338	0.1810518	-0.18955415	-0.1953089	-0.13032456	-0.20224988	-0.17284046	-0.18108553	-0.19848764	0.18840091	0.16416745	-0.18719947	-0.19212024	-0.19822435
-0.022761904	0.042558417	0.002938585	0.0580066	-0.035653863	0.0044536483	-0.023689829	0.02886191	-0.012837619	-0.04325753	0.042993054	0.05746509	-0.06455017	0.005439224	-0.067296	0.008216985
-0.05254651	-0.112060584	-0.1083916	0.08346226	-0.14697598	-0.13350476	-0.13571157	-0.18544988	-0.16309597	-0.056646187	-0.13188228	0.15456098	0.15016417	-0.12301042	-0.12776229	-0.16231632
-0.3360907	-0.48009512	-0.37046468	0.45625046	-0.4038852	-0.45269525	-0.43097147	-0.38003096	-0.4184188	-0.30651468	-0.45472345	0.39350632	0.51095915	-0.4567844	-0.40229777	-0.4051769
-0.46613708	-0.56062007	-0.5020474	0.5344629	-0.58254915	-0.54575264	-0.56013787	-0.60268825	-0.5331742	-0.4684458	-0.49114388	0.49942362	0.5909167	-0.61421084	-0.5436472	-0.57298875
-0.038195416	-0.13965382	-0.10228352	0.084150486	-0.027807778	-0.06767086	0.004603259	-0.09787768	-0.042626467	0.028616346	-0.07902788	0.0766134	0.12263479	-0.044788826	-0.056542557	-0.115643024
0.5713057	0.6224925	0.5642367	-0.5600725	0.5241703	0.6314841	0.58398515	0.59925663	0.5541653	0.5070985	0.4959058	-0.46909675	-0.6132603	0.54441166	0.54604924	0.49992836
-0.1603632	-0.1488842	-0.13793725	0.125835	-0.10766051	-0.12153908	-0.15134877	-0.20178965	-0.17629424	-0.12820636	-0.18975548	0.19419466	0.14800456	-0.15057722	-0.1367157	-0.14712876
-0.040021807	0.028520854	0.00066506164	0.000680651	-0.03496133	-0.01695243	0.010067933	-0.03781537	0.0018506786	-0.045362234	-0.024025884	0.044863544	-0.00474725	0.02609309	-0.0013028809	0.025043929
0.12119517	0.18676811	0.10639187	-0.10699876	0.13485785	0.18604955	0.15417187	0.1414662	0.1735368	0.078092985	0.16087717	-0.11129714	-0.18128586	0.15873852	0.123672575	0.08542284
-0.3768103	-0.45690662	-0.42108428	0.37133342	-0.36468226	-0.434593	-0.41281992	-0.38568944	-0.46133578	-0.30780348	-0.41025037	0.3495643	0.46595377	-0.37144247	-0.39229754	-0.43554047
0.062443763	0.005835962	0.035754487	-0.01574814	0.085056394	0.040039394	0.04447407	0.06510498	0.0060859425	0.019034658	0.0046304837	-0.07825462	-0.10214924	0.062073965	0.07327559	0.062851965
0.45397505	0.5197834	0.43770462	-0.53321964	0.5112834	0.5693095	0.5013493	0.5505436	0.56984806	0.42762324	0.50048405	-0.4817052	-0.58531576	0.48156705	0.5079355	0.4738066
0.37317574	0.39624846	0.3314713	-0.43957788	0.44650343	0.4486774	0.35729563	0.361525	0.37159288	0.27794695	0.32057127	-0.34968725	-0.4818308	0.35734525	0.40554547	0.3947578
0.06582447	-0.095661804	0.011451219	-0.0111244	0.050337326	-0.021061001	-0.034192834	-0.054726068	-0.09145338	-0.011078682	-0.03135999	0.03291817	0.022741858	-0.08235384	-0.0344641	-0.02416292
-0.116570964	-0.06349135	-0.12062049	0.1145167	-0.1393527	-0.12616114	-0.12061256	-0.13218957	-0.12189646	-0.09472648	-0.056758884	0.089851804	0.15043844	-0.13329922	-0.073615044	-0.0941694
-0.1658436	-0.19036116	-0.18982986	0.12899297	-0.1906285	-0.177119	-0.13440715	-0.1683076	-0.18659317	-0.105174325	-0.1025698	0.117188476	0.12043619	-0.1402154	-0.15352689	-0.1251464
0.41229707	0.4000874	0.40311977	-0.41444942	0.4056804	0.4119564	0.4406611	0.42798162	0.43045503	0.33870912	0.36740184	-0.4003319	-0.38735804	0.42838618	0.38878575	0.41628736
